o 
v -2.7939677238464355e-9 -1.9269601470028874e-9 -9.313225746154785e-10
v -2.7939677238464355e-9 -1.9269601470028874e-9 0.02495940402150154
v -2.7939677238464355e-9 0.0055284518748521805 0.027659356594085693
v -2.7939677238464355e-9 0.011056909337639809 0.028479579836130142
v -2.7939677238464355e-9 0.016585366800427437 0.028246697038412094
v -2.7939677238464355e-9 0.022113824263215065 0.02825942263007164
v -2.7939677238464355e-9 0.027642281726002693 0.028583113104104996
v -2.7939677238464355e-9 0.03317073732614517 0.02856525406241417
v -2.7939677238464355e-9 0.0386991947889328 0.028416011482477188
v -2.7939677238464355e-9 0.04422765225172043 0.028407447040081024
v -2.7939677238464355e-9 0.04975610971450806 0.02837790548801422
v -2.7939677238464355e-9 0.055284567177295685 0.028374679386615753
v -2.7939677238464355e-9 0.06081302464008331 0.028371278196573257
v -2.7939677238464355e-9 0.06634148210287094 0.028388671576976776
v -2.7939677238464355e-9 0.07186993956565857 0.02845146134495735
v -2.7939677238464355e-9 0.0773983970284462 0.02850256860256195
v -2.7939677238464355e-9 0.08292684704065323 0.028578124940395355
v -2.7939677238464355e-9 0.08845530450344086 0.028654783964157104
v -2.7939677238464355e-9 0.09398376196622849 0.02869560942053795
v -2.7939677238464355e-9 0.09951221942901611 0.028781592845916748
v -2.7939677238464355e-9 0.10504067689180374 0.02888532355427742
v -2.7939677238464355e-9 0.11056913435459137 0.028948944061994553
v -2.7939677238464355e-9 0.116097591817379 0.029009900987148285
v -2.7939677238464355e-9 0.12162604928016663 0.028808411210775375
v -2.7939677238464355e-9 0.12715451419353485 0.026744715869426727
v -2.7939677238464355e-9 0.13268296420574188 0.025950413197278976
v -2.7939677238464355e-9 0.13268296420574188 -9.313225746154785e-10
v -2.7939677238464355e-9 -1.9269601470028874e-9 -9.313225746154785e-10
v 0.004869335331022739 -1.9269601470028874e-9 0.024479813873767853
v 0.005396069958806038 0.0055284518748521805 0.027127888053655624
v 0.00555608794093132 0.011056909337639809 0.02793235331773758
v 0.005510654300451279 0.016585366800427437 0.027703944593667984
v 0.0055131372064352036 0.022113824263215065 0.02771642431616783
v 0.005576285999268293 0.027642281726002693 0.028033897280693054
v 0.005572801921516657 0.03317073732614517 0.028016380965709686
v 0.0055436864495277405 0.0386991947889328 0.02787000685930252
v 0.005542015191167593 0.04422765225172043 0.02786160632967949
v 0.005536252167075872 0.04975610971450806 0.027832631021738052
v 0.00553562305867672 0.055284567177295685 0.027829468250274658
v 0.005534959025681019 0.06081302464008331 0.027826130390167236
v 0.005538352765142918 0.06634148210287094 0.027843192219734192
v 0.005550601985305548 0.07186993956565857 0.027904774993658066
v 0.005560572724789381 0.0773983970284462 0.02795489877462387
v 0.00557531276717782 0.08292684704065323 0.028029002249240875
v 0.00559026887640357 0.08845530450344086 0.02810419350862503
v 0.0055982330814003944 0.09398376196622849 0.0281442329287529
v 0.0056150080636143684 0.09951221942901611 0.02822856232523918
v 0.005635244771838188 0.10504067689180374 0.028330303728580475
v 0.005647656507790089 0.11056913435459137 0.028392698615789413
v 0.005659548100084066 0.116097591817379 0.02845248207449913
v 0.005620239768177271 0.12162604928016663 0.02825486660003662
v 0.005217632278800011 0.12715451419353485 0.0262308232486248
v 0.005062671843916178 0.13268296420574188 0.02545178309082985
v -2.7939677238464355e-9 0.13268296420574188 -9.313225746154785e-10
v -2.7939677238464355e-9 -1.9269601470028874e-9 -9.313225746154785e-10
v 0.009551547467708588 -1.9269601470028874e-9 0.023059479892253876
v 0.010584774427115917 0.0055284518748521805 0.025553911924362183
v 0.010898660868406296 0.011056909337639809 0.026311703026294708
v 0.010809539817273617 0.016585366800427437 0.026096545159816742
v 0.010814409703016281 0.022113824263215065 0.026108302175998688
v 0.010938281193375587 0.027642281726002693 0.026407353579998016
v 0.010931446217000484 0.03317073732614517 0.02639085054397583
v 0.01087433472275734 0.0386991947889328 0.026252970099449158
v 0.010871057398617268 0.04422765225172043 0.026245057582855225
v 0.010859751142561436 0.04975610971450806 0.026217766106128693
v 0.01085851714015007 0.055284567177295685 0.026214785873889923
v 0.010857215151190758 0.06081302464008331 0.02621164172887802
v 0.01086387224495411 0.06634148210287094 0.026227712631225586
v 0.010887900367379189 0.07186993956565857 0.026285722851753235
v 0.010907458141446114 0.0773983970284462 0.02633294090628624
v 0.010936371982097626 0.08292684704065323 0.02640274539589882
v 0.010965709574520588 0.08845530450344086 0.026473570615053177
v 0.010981332510709763 0.09398376196622849 0.026511285454034805
v 0.011014237068593502 0.09951221942901611 0.026590727269649506
v 0.011053932830691338 0.10504067689180374 0.02668656036257744
v 0.011078279465436935 0.11056913435459137 0.02674533799290657
v 0.01110160630196333 0.116097591817379 0.02680165320634842
v 0.01102449931204319 0.12162604928016663 0.026615504175424576
v 0.010234756395220757 0.12715451419353485 0.02470889315009117
v 0.009930791333317757 0.13268296420574188 0.023975055664777756
v -2.7939677238464355e-9 0.13268296420574188 -9.313225746154785e-10
v -2.7939677238464355e-9 -1.9269601470028874e-9 -9.313225746154785e-10
v 0.013866699300706387 -1.9269601470028874e-9 0.020752985030412674
v 0.015366711653769016 0.0055284518748521805 0.022997912019491196
v 0.015822406858205795 0.011056909337639809 0.023679904639720917
v 0.015693020075559616 0.016585366800427437 0.023486267775297165
v 0.015700090676546097 0.022113824263215065 0.023496851325035095
v 0.015879925340414047 0.027642281726002693 0.023765988647937775
v 0.015870001167058945 0.03317073732614517 0.023751139640808105
v 0.015787087380886078 0.0386991947889328 0.02362705022096634
v 0.015782330185174942 0.04422765225172043 0.02361992746591568
v 0.01576591655611992 0.04975610971450806 0.02359536662697792
v 0.01576412469148636 0.055284567177295685 0.023592684417963028
v 0.01576223596930504 0.06081302464008331 0.023589856922626495
v 0.01577189937233925 0.06634148210287094 0.023604318499565125
v 0.015806782990694046 0.07186993956565857 0.02365652471780777
v 0.015835177153348923 0.0773983970284462 0.023699019104242325
v 0.01587715372443199 0.08292684704065323 0.023761842399835587
v 0.015919744968414307 0.08845530450344086 0.02382558211684227
v 0.015942424535751343 0.09398376196622849 0.023859526962041855
v 0.01599019393324852 0.09951221942901611 0.023931019008159637
v 0.016047824174165726 0.10504067689180374 0.024017270654439926
v 0.016083169728517532 0.11056913435459137 0.024070169776678085
v 0.01611703634262085 0.116097591817379 0.02412085235118866
v 0.016005095094442368 0.12162604928016663 0.02395331859588623
v 0.014858565293252468 0.12715451419353485 0.022237416356801987
v 0.014417274855077267 0.13268296420574188 0.021576981991529465
v -2.7939677238464355e-9 0.13268296420574188 -9.313225746154785e-10
v -2.7939677238464355e-9 -1.9269601470028874e-9 -9.313225746154785e-10
v 0.017648961395025253 -1.9269601470028874e-9 0.017648961395025253
v 0.019558116793632507 0.0055284518748521805 0.019558116793632507
v 0.020138103514909744 0.011056909337639809 0.020138103514909744
v 0.019973427057266235 0.016585366800427437 0.019973430782556534
v 0.01998242735862732 0.022113824263215065 0.01998242735862732
v 0.020211312919855118 0.027642281726002693 0.020211312919855118
v 0.020198680460453033 0.03317073732614517 0.020198684185743332
v 0.020093150436878204 0.0386991947889328 0.020093154162168503
v 0.020087096840143204 0.04422765225172043 0.020087096840143204
v 0.02006620541214943 0.04975610971450806 0.020066209137439728
v 0.02006392553448677 0.055284567177295685 0.02006392925977707
v 0.020061522722244263 0.06081302464008331 0.020061522722244263
v 0.020073819905519485 0.06634148210287094 0.020073823630809784
v 0.020118217915296555 0.07186993956565857 0.020118221640586853
v 0.020154356956481934 0.0773983970284462 0.020154360681772232
v 0.020207781344652176 0.08292684704065323 0.020207785069942474
v 0.020261991769075394 0.08845530450344086 0.020261991769075394
v 0.020290859043598175 0.09398376196622849 0.020290859043598175
v 0.020351659506559372 0.09951221942901611 0.020351659506559372
v 0.02042500674724579 0.10504067689180374 0.020425010472536087
v 0.020469993352890015 0.11056913435459137 0.020469997078180313
v 0.02051309496164322 0.116097591817379 0.020513098686933517
v 0.020370621234178543 0.12162604928016663 0.02037062495946884
v 0.018911365419626236 0.12715451419353485 0.018911369144916534
v 0.01834971085190773 0.13268296420574188 0.01834971457719803
v -2.7939677238464355e-9 0.13268296420574188 -9.313225746154785e-10
v -2.7939677238464355e-9 -1.9269601470028874e-9 -9.313225746154785e-10
v 0.020752981305122375 -1.9269601470028874e-9 0.013866701163351536
v 0.022997912019491196 0.0055284518748521805 0.015366713516414165
v 0.023679904639720917 0.011056909337639809 0.015822406858205795
v 0.023486267775297165 0.016585366800427437 0.015693023800849915
v 0.023496847599744797 0.022113824263215065 0.015700094401836395
v 0.023765988647937775 0.027642281726002693 0.015879925340414047
v 0.023751135915517807 0.03317073732614517 0.015870004892349243
v 0.02362704649567604 0.0386991947889328 0.015787091106176376
v 0.02361992746591568 0.04422765225172043 0.015782330185174942
v 0.023595362901687622 0.04975610971450806 0.015765920281410217
v 0.02359268069267273 0.055284567177295685 0.015764128416776657
v 0.023589853197336197 0.06081302464008331 0.01576223596930504
v 0.023604314774274826 0.06634148210287094 0.01577189937233925
v 0.02365652099251747 0.07186993956565857 0.015806782990694046
v 0.023699019104242325 0.0773983970284462 0.015835177153348923
v 0.023761838674545288 0.08292684704065323 0.01587715372443199
v 0.02382558211684227 0.08845530450344086 0.015919744968414307
v 0.023859526962041855 0.09398376196622849 0.01594242826104164
v 0.023931019008159637 0.09951221942901611 0.01599019765853882
v 0.024017266929149628 0.10504067689180374 0.016047827899456024
v 0.024070166051387787 0.11056913435459137 0.01608317345380783
v 0.02412084862589836 0.116097591817379 0.01611703634262085
v 0.02395331859588623 0.12162604928016663 0.016005095094442368
v 0.022237416356801987 0.12715451419353485 0.014858567155897617
v 0.021576978266239166 0.13268296420574188 0.014417276717722416
v -2.7939677238464355e-9 0.13268296420574188 -9.313225746154785e-10
v -2.7939677238464355e-9 -1.9269601470028874e-9 -9.313225746154785e-10
v 0.023059479892253876 -1.9269601470028874e-9 0.009551549330353737
v 0.025553908199071884 0.0055284518748521805 0.010584776289761066
v 0.02631169930100441 0.011056909337639809 0.010898662731051445
v 0.026096541434526443 0.016585366800427437 0.010809541679918766
v 0.02610829845070839 0.022113824263215065 0.01081441156566143
v 0.026407349854707718 0.027642281726002693 0.010938283056020737
v 0.02639085054397583 0.03317073732614517 0.010931448079645634
v 0.026252970099449158 0.0386991947889328 0.010874336585402489
v 0.026245057582855225 0.04422765225172043 0.010871059261262417
v 0.026217762380838394 0.04975610971450806 0.010859753005206585
v 0.026214785873889923 0.055284567177295685 0.01085851900279522
v 0.02621164172887802 0.06081302464008331 0.010857217013835907
v 0.026227712631225586 0.06634148210287094 0.010863874107599258
v 0.026285719126462936 0.07186993956565857 0.010887902230024338
v 0.02633293718099594 0.0773983970284462 0.010907460004091263
v 0.02640274167060852 0.08292684704065323 0.010936373844742775
v 0.02647356688976288 0.08845530450344086 0.010965711437165737
v 0.026511285454034805 0.09398376196622849 0.010981334373354912
v 0.026590723544359207 0.09951221942901611 0.011014238931238651
v 0.02668656036257744 0.10504067689180374 0.011053934693336487
v 0.02674533799290657 0.11056913435459137 0.011078281328082085
v 0.02680165320634842 0.116097591817379 0.011101608164608479
v 0.026615500450134277 0.12162604928016663 0.01102450117468834
v 0.02470889315009117 0.12715451419353485 0.010234758257865906
v 0.023975055664777756 0.13268296420574188 0.009930793195962906
v -2.7939677238464355e-9 0.13268296420574188 -9.313225746154785e-10
v -2.7939677238464355e-9 -1.9269601470028874e-9 -9.313225746154785e-10
v 0.024479813873767853 -1.9269601470028874e-9 0.004869337193667889
v 0.027127884328365326 0.0055284518748521805 0.005396071821451187
v 0.02793235331773758 0.011056909337639809 0.005556089803576469
v 0.027703940868377686 0.016585366800427437 0.005510656163096428
v 0.02771642431616783 0.022113824263215065 0.005513139069080353
v 0.028033893555402756 0.027642281726002693 0.005576287861913443
v 0.028016377240419388 0.03317073732614517 0.005572803784161806
v 0.027870003134012222 0.0386991947889328 0.00554368831217289
v 0.02786160260438919 0.04422765225172043 0.005542017053812742
v 0.027832631021738052 0.04975610971450806 0.005536254029721022
v 0.027829468250274658 0.055284567177295685 0.005535624921321869
v 0.027826130390167236 0.06081302464008331 0.005534960888326168
v 0.027843188494443893 0.06634148210287094 0.005538354627788067
v 0.027904771268367767 0.07186993956565857 0.005550603847950697
v 0.02795489877462387 0.0773983970284462 0.00556057458743453
v 0.028029002249240875 0.08292684704065323 0.0055753146298229694
v 0.028104189783334732 0.08845530450344086 0.005590270739048719
v 0.0281442292034626 0.09398376196622849 0.005598234944045544
v 0.02822856232523918 0.09951221942901611 0.005615009926259518
v 0.028330300003290176 0.10504067689180374 0.005635246634483337
v 0.028392698615789413 0.11056913435459137 0.005647658370435238
v 0.02845248207449913 0.116097591817379 0.005659549962729216
v 0.02825486660003662 0.12162604928016663 0.00562024163082242
v 0.026230819523334503 0.12715451419353485 0.00521763414144516
v 0.02545178309082985 0.13268296420574188 0.005062673706561327
v -2.7939677238464355e-9 0.13268296420574188 -9.313225746154785e-10
v -2.7939677238464355e-9 -1.9269601470028874e-9 -9.313225746154785e-10
v 0.024959400296211243 -1.9269601470028874e-9 -9.313225746154785e-10
v 0.027659352868795395 0.0055284518748521805 -9.313225746154785e-10
v 0.028479579836130142 0.011056909337639809 -9.313225746154785e-10
v 0.028246693313121796 0.016585366800427437 -9.313225746154785e-10
v 0.02825941890478134 0.022113824263215065 -9.313225746154785e-10
v 0.028583113104104996 0.027642281726002693 -9.313225746154785e-10
v 0.02856525033712387 0.03317073732614517 -9.313225746154785e-10
v 0.028416011482477188 0.0386991947889328 -9.313225746154785e-10
v 0.028407447040081024 0.04422765225172043 -9.313225746154785e-10
v 0.028377901762723923 0.04975610971450806 -9.313225746154785e-10
v 0.028374679386615753 0.055284567177295685 -9.313225746154785e-10
v 0.02837127447128296 0.06081302464008331 -9.313225746154785e-10
v 0.028388671576976776 0.06634148210287094 -9.313225746154785e-10
v 0.028451457619667053 0.07186993956565857 -9.313225746154785e-10
v 0.02850256860256195 0.0773983970284462 -9.313225746154785e-10
v 0.028578121215105057 0.08292684704065323 -9.313225746154785e-10
v 0.028654783964157104 0.08845530450344086 -9.313225746154785e-10
v 0.02869560942053795 0.09398376196622849 -9.313225746154785e-10
v 0.028781592845916748 0.09951221942901611 -9.313225746154785e-10
v 0.02888532355427742 0.10504067689180374 -9.313225746154785e-10
v 0.028948944061994553 0.11056913435459137 -9.313225746154785e-10
v 0.029009897261857986 0.116097591817379 -9.313225746154785e-10
v 0.028808411210775375 0.12162604928016663 -9.313225746154785e-10
v 0.02674471214413643 0.12715451419353485 -9.313225746154785e-10
v 0.025950413197278976 0.13268296420574188 -9.313225746154785e-10
v -2.7939677238464355e-9 0.13268296420574188 -9.313225746154785e-10
v -2.7939677238464355e-9 -1.9269601470028874e-9 -9.313225746154785e-10
v 0.024479813873767853 -1.9269601470028874e-9 -0.004869339056313038
v 0.027127884328365326 0.0055284518748521805 -0.005396073684096336
v 0.02793235331773758 0.011056909337639809 -0.005556091666221619
v 0.027703940868377686 0.016585366800427437 -0.005510658025741577
v 0.02771642431616783 0.022113824263215065 -0.005513140931725502
v 0.028033893555402756 0.027642281726002693 -0.005576289724558592
v 0.028016377240419388 0.03317073732614517 -0.005572805646806955
v 0.027870003134012222 0.0386991947889328 -0.005543690174818039
v 0.02786160260438919 0.04422765225172043 -0.0055420189164578915
v 0.027832631021738052 0.04975610971450806 -0.005536255892366171
v 0.027829468250274658 0.055284567177295685 -0.005535626783967018
v 0.027826130390167236 0.06081302464008331 -0.005534962750971317
v 0.027843188494443893 0.06634148210287094 -0.005538356490433216
v 0.027904771268367767 0.07186993956565857 -0.005550605710595846
v 0.02795489877462387 0.0773983970284462 -0.0055605764500796795
v 0.028029002249240875 0.08292684704065323 -0.005575316492468119
v 0.028104189783334732 0.08845530450344086 -0.005590272601693869
v 0.0281442292034626 0.09398376196622849 -0.005598236806690693
v 0.02822856232523918 0.09951221942901611 -0.005615011788904667
v 0.028330300003290176 0.10504067689180374 -0.005635248497128487
v 0.028392698615789413 0.11056913435459137 -0.005647660233080387
v 0.02845248207449913 0.116097591817379 -0.005659551825374365
v 0.02825486660003662 0.12162604928016663 -0.005620243493467569
v 0.026230819523334503 0.12715451419353485 -0.005217636004090309
v 0.02545178309082985 0.13268296420574188 -0.005062675569206476
v -2.7939677238464355e-9 0.13268296420574188 -9.313225746154785e-10
v -2.7939677238464355e-9 -1.9269601470028874e-9 -9.313225746154785e-10
v 0.023059479892253876 -1.9269601470028874e-9 -0.009551551192998886
v 0.025553908199071884 0.0055284518748521805 -0.010584778152406216
v 0.02631169930100441 0.011056909337639809 -0.010898664593696594
v 0.026096541434526443 0.016585366800427437 -0.010809543542563915
v 0.02610829845070839 0.022113824263215065 -0.01081441342830658
v 0.026407349854707718 0.027642281726002693 -0.010938284918665886
v 0.02639085054397583 0.03317073732614517 -0.010931449942290783
v 0.026252970099449158 0.0386991947889328 -0.010874338448047638
v 0.026245057582855225 0.04422765225172043 -0.010871061123907566
v 0.026217762380838394 0.04975610971450806 -0.010859754867851734
v 0.026214785873889923 0.055284567177295685 -0.010858520865440369
v 0.02621164172887802 0.06081302464008331 -0.010857218876481056
v 0.026227712631225586 0.06634148210287094 -0.010863875970244408
v 0.026285719126462936 0.07186993956565857 -0.010887904092669487
v 0.02633293718099594 0.0773983970284462 -0.010907461866736412
v 0.02640274167060852 0.08292684704065323 -0.010936375707387924
v 0.02647356688976288 0.08845530450344086 -0.010965713299810886
v 0.026511285454034805 0.09398376196622849 -0.010981336236000061
v 0.026590723544359207 0.09951221942901611 -0.0110142407938838
v 0.02668656036257744 0.10504067689180374 -0.011053936555981636
v 0.02674533799290657 0.11056913435459137 -0.011078283190727234
v 0.02680165320634842 0.116097591817379 -0.011101610027253628
v 0.026615500450134277 0.12162604928016663 -0.011024503037333488
v 0.02470889315009117 0.12715451419353485 -0.010234760120511055
v 0.023975055664777756 0.13268296420574188 -0.009930795058608055
v -2.7939677238464355e-9 0.13268296420574188 -9.313225746154785e-10
v -2.7939677238464355e-9 -1.9269601470028874e-9 -9.313225746154785e-10
v 0.020752981305122375 -1.9269601470028874e-9 -0.013866703025996685
v 0.022997912019491196 0.0055284518748521805 -0.015366715379059315
v 0.023679904639720917 0.011056909337639809 -0.015822410583496094
v 0.023486267775297165 0.016585366800427437 -0.015693023800849915
v 0.023496847599744797 0.022113824263215065 -0.015700094401836395
v 0.023765988647937775 0.027642281726002693 -0.015879929065704346
v 0.023751135915517807 0.03317073732614517 -0.015870004892349243
v 0.02362704649567604 0.0386991947889328 -0.015787091106176376
v 0.02361992746591568 0.04422765225172043 -0.01578233391046524
v 0.023595362901687622 0.04975610971450806 -0.015765920281410217
v 0.02359268069267273 0.055284567177295685 -0.015764128416776657
v 0.023589853197336197 0.06081302464008331 -0.015762239694595337
v 0.023604314774274826 0.06634148210287094 -0.015771903097629547
v 0.02365652099251747 0.07186993956565857 -0.015806786715984344
v 0.023699019104242325 0.0773983970284462 -0.01583518087863922
v 0.023761838674545288 0.08292684704065323 -0.01587715744972229
v 0.02382558211684227 0.08845530450344086 -0.015919748693704605
v 0.023859526962041855 0.09398376196622849 -0.01594242826104164
v 0.023931019008159637 0.09951221942901611 -0.01599019765853882
v 0.024017266929149628 0.10504067689180374 -0.016047827899456024
v 0.024070166051387787 0.11056913435459137 -0.01608317345380783
v 0.02412084862589836 0.116097591817379 -0.016117040067911148
v 0.02395331859588623 0.12162604928016663 -0.016005098819732666
v 0.022237416356801987 0.12715451419353485 -0.014858569018542767
v 0.021576978266239166 0.13268296420574188 -0.014417278580367565
v -2.7939677238464355e-9 0.13268296420574188 -9.313225746154785e-10
v -2.7939677238464355e-9 -1.9269601470028874e-9 -9.313225746154785e-10
v 0.017648961395025253 -1.9269601470028874e-9 -0.017648965120315552
v 0.019558116793632507 0.0055284518748521805 -0.019558120518922806
v 0.020138103514909744 0.011056909337639809 -0.020138107240200043
v 0.019973427057266235 0.016585366800427437 -0.019973430782556534
v 0.01998242735862732 0.022113824263215065 -0.019982431083917618
v 0.020211312919855118 0.027642281726002693 -0.020211316645145416
v 0.020198680460453033 0.03317073732614517 -0.020198684185743332
v 0.020093150436878204 0.0386991947889328 -0.020093154162168503
v 0.020087096840143204 0.04422765225172043 -0.020087100565433502
v 0.02006620541214943 0.04975610971450806 -0.020066209137439728
v 0.02006392553448677 0.055284567177295685 -0.02006392925977707
v 0.020061522722244263 0.06081302464008331 -0.02006152644753456
v 0.020073819905519485 0.06634148210287094 -0.020073823630809784
v 0.020118217915296555 0.07186993956565857 -0.020118221640586853
v 0.020154356956481934 0.0773983970284462 -0.020154360681772232
v 0.020207781344652176 0.08292684704065323 -0.020207785069942474
v 0.020261991769075394 0.08845530450344086 -0.020261995494365692
v 0.020290859043598175 0.09398376196622849 -0.020290862768888474
v 0.020351659506559372 0.09951221942901611 -0.02035166323184967
v 0.02042500674724579 0.10504067689180374 -0.020425010472536087
v 0.020469993352890015 0.11056913435459137 -0.020469997078180313
v 0.02051309496164322 0.116097591817379 -0.020513098686933517
v 0.020370621234178543 0.12162604928016663 -0.02037062495946884
v 0.018911365419626236 0.12715451419353485 -0.018911369144916534
v 0.01834971085190773 0.13268296420574188 -0.01834971457719803
v -2.7939677238464355e-9 0.13268296420574188 -9.313225746154785e-10
v -2.7939677238464355e-9 -1.9269601470028874e-9 -9.313225746154785e-10
v 0.013866699300706387 -1.9269601470028874e-9 -0.020752985030412674
v 0.015366711653769016 0.0055284518748521805 -0.022997915744781494
v 0.015822406858205795 0.011056909337639809 -0.023679908365011215
v 0.015693020075559616 0.016585366800427437 -0.023486271500587463
v 0.015700090676546097 0.022113824263215065 -0.023496851325035095
v 0.015879925340414047 0.027642281726002693 -0.023765992373228073
v 0.015870001167058945 0.03317073732614517 -0.023751139640808105
v 0.015787087380886078 0.0386991947889328 -0.02362705022096634
v 0.015782330185174942 0.04422765225172043 -0.02361993119120598
v 0.01576591655611992 0.04975610971450806 -0.02359536662697792
v 0.01576412469148636 0.055284567177295685 -0.023592684417963028
v 0.01576223596930504 0.06081302464008331 -0.023589856922626495
v 0.01577189937233925 0.06634148210287094 -0.023604318499565125
v 0.015806782990694046 0.07186993956565857 -0.02365652471780777
v 0.015835177153348923 0.0773983970284462 -0.023699022829532623
v 0.01587715372443199 0.08292684704065323 -0.023761842399835587
v 0.015919744968414307 0.08845530450344086 -0.02382558584213257
v 0.015942424535751343 0.09398376196622849 -0.023859530687332153
v 0.01599019393324852 0.09951221942901611 -0.023931022733449936
v 0.016047824174165726 0.10504067689180374 -0.024017270654439926
v 0.016083169728517532 0.11056913435459137 -0.024070169776678085
v 0.01611703634262085 0.116097591817379 -0.02412085235118866
v 0.016005095094442368 0.12162604928016663 -0.02395332232117653
v 0.014858565293252468 0.12715451419353485 -0.022237420082092285
v 0.014417274855077267 0.13268296420574188 -0.021576981991529465
v -2.7939677238464355e-9 0.13268296420574188 -9.313225746154785e-10
v -2.7939677238464355e-9 -1.9269601470028874e-9 -9.313225746154785e-10
v 0.009551547467708588 -1.9269601470028874e-9 -0.023059483617544174
v 0.010584774427115917 0.0055284518748521805 -0.025553911924362183
v 0.010898660868406296 0.011056909337639809 -0.026311703026294708
v 0.010809539817273617 0.016585366800427437 -0.026096545159816742
v 0.010814409703016281 0.022113824263215065 -0.026108302175998688
v 0.010938281193375587 0.027642281726002693 -0.026407353579998016
v 0.010931446217000484 0.03317073732614517 -0.02639085426926613
v 0.01087433472275734 0.0386991947889328 -0.026252973824739456
v 0.010871057398617268 0.04422765225172043 -0.026245061308145523
v 0.010859751142561436 0.04975610971450806 -0.026217766106128693
v 0.01085851714015007 0.055284567177295685 -0.02621478959918022
v 0.010857215151190758 0.06081302464008331 -0.02621164545416832
v 0.01086387224495411 0.06634148210287094 -0.026227716356515884
v 0.010887900367379189 0.07186993956565857 -0.026285722851753235
v 0.010907458141446114 0.0773983970284462 -0.02633294090628624
v 0.010936371982097626 0.08292684704065323 -0.02640274539589882
v 0.010965709574520588 0.08845530450344086 -0.026473570615053177
v 0.010981332510709763 0.09398376196622849 -0.026511289179325104
v 0.011014237068593502 0.09951221942901611 -0.026590727269649506
v 0.011053932830691338 0.10504067689180374 -0.026686564087867737
v 0.011078279465436935 0.11056913435459137 -0.02674534171819687
v 0.01110160630196333 0.116097591817379 -0.026801656931638718
v 0.01102449931204319 0.12162604928016663 -0.026615504175424576
v 0.010234756395220757 0.12715451419353485 -0.02470889687538147
v 0.009930791333317757 0.13268296420574188 -0.023975059390068054
v -2.7939677238464355e-9 0.13268296420574188 -9.313225746154785e-10
v -2.7939677238464355e-9 -1.9269601470028874e-9 -9.313225746154785e-10
v 0.004869335331022739 -1.9269601470028874e-9 -0.02447981759905815
v 0.005396069958806038 0.0055284518748521805 -0.027127888053655624
v 0.00555608794093132 0.011056909337639809 -0.027932357043027878
v 0.005510654300451279 0.016585366800427437 -0.027703944593667984
v 0.0055131372064352036 0.022113824263215065 -0.02771642804145813
v 0.005576285999268293 0.027642281726002693 -0.028033897280693054
v 0.005572801921516657 0.03317073732614517 -0.028016380965709686
v 0.0055436864495277405 0.0386991947889328 -0.02787000685930252
v 0.005542015191167593 0.04422765225172043 -0.02786160632967949
v 0.005536252167075872 0.04975610971450806 -0.02783263474702835
v 0.00553562305867672 0.055284567177295685 -0.027829471975564957
v 0.005534959025681019 0.06081302464008331 -0.027826134115457535
v 0.005538352765142918 0.06634148210287094 -0.027843192219734192
v 0.005550601985305548 0.07186993956565857 -0.027904774993658066
v 0.005560572724789381 0.0773983970284462 -0.02795490249991417
v 0.00557531276717782 0.08292684704065323 -0.028029005974531174
v 0.00559026887640357 0.08845530450344086 -0.02810419350862503
v 0.0055982330814003944 0.09398376196622849 -0.0281442329287529
v 0.0056150080636143684 0.09951221942901611 -0.02822856605052948
v 0.005635244771838188 0.10504067689180374 -0.028330303728580475
v 0.005647656507790089 0.11056913435459137 -0.028392702341079712
v 0.005659548100084066 0.116097591817379 -0.02845248579978943
v 0.005620239768177271 0.12162604928016663 -0.02825487032532692
v 0.005217632278800011 0.12715451419353485 -0.0262308232486248
v 0.005062671843916178 0.13268296420574188 -0.025451786816120148
v -2.7939677238464355e-9 0.13268296420574188 -9.313225746154785e-10
v -2.7939677238464355e-9 -1.9269601470028874e-9 -9.313225746154785e-10
v -2.7939677238464355e-9 -1.9269601470028874e-9 -0.02495940402150154
v -2.7939677238464355e-9 0.0055284518748521805 -0.027659356594085693
v -2.7939677238464355e-9 0.011056909337639809 -0.02847958356142044
v -2.7939677238464355e-9 0.016585366800427437 -0.028246697038412094
v -2.7939677238464355e-9 0.022113824263215065 -0.02825942263007164
v -2.7939677238464355e-9 0.027642281726002693 -0.028583116829395294
v -2.7939677238464355e-9 0.03317073732614517 -0.02856525406241417
v -2.7939677238464355e-9 0.0386991947889328 -0.028416015207767487
v -2.7939677238464355e-9 0.04422765225172043 -0.028407450765371323
v -2.7939677238464355e-9 0.04975610971450806 -0.02837790548801422
v -2.7939677238464355e-9 0.055284567177295685 -0.02837468311190605
v -2.7939677238464355e-9 0.06081302464008331 -0.028371278196573257
v -2.7939677238464355e-9 0.06634148210287094 -0.028388675302267075
v -2.7939677238464355e-9 0.07186993956565857 -0.02845146134495735
v -2.7939677238464355e-9 0.0773983970284462 -0.02850257232785225
v -2.7939677238464355e-9 0.08292684704065323 -0.028578124940395355
v -2.7939677238464355e-9 0.08845530450344086 -0.028654787689447403
v -2.7939677238464355e-9 0.09398376196622849 -0.028695613145828247
v -2.7939677238464355e-9 0.09951221942901611 -0.028781596571207047
v -2.7939677238464355e-9 0.10504067689180374 -0.02888532727956772
v -2.7939677238464355e-9 0.11056913435459137 -0.02894894778728485
v -2.7939677238464355e-9 0.116097591817379 -0.029009900987148285
v -2.7939677238464355e-9 0.12162604928016663 -0.028808414936065674
v -2.7939677238464355e-9 0.12715451419353485 -0.026744715869426727
v -2.7939677238464355e-9 0.13268296420574188 -0.025950416922569275
v -2.7939677238464355e-9 0.13268296420574188 -9.313225746154785e-10
v -2.7939677238464355e-9 -1.9269601470028874e-9 -9.313225746154785e-10
v -0.004869340918958187 -1.9269601470028874e-9 -0.02447981759905815
v -0.005396075546741486 0.0055284518748521805 -0.027127888053655624
v -0.005556093528866768 0.011056909337639809 -0.027932357043027878
v -0.005510659888386726 0.016585366800427437 -0.027703944593667984
v -0.005513142794370651 0.022113824263215065 -0.02771642804145813
v -0.005576291587203741 0.027642281726002693 -0.028033897280693054
v -0.005572807509452105 0.03317073732614517 -0.028016380965709686
v -0.005543692037463188 0.0386991947889328 -0.02787000685930252
v -0.005542020779103041 0.04422765225172043 -0.02786160632967949
v -0.00553625775501132 0.04975610971450806 -0.02783263474702835
v -0.005535628646612167 0.055284567177295685 -0.027829471975564957
v -0.0055349646136164665 0.06081302464008331 -0.027826134115457535
v -0.005538358353078365 0.06634148210287094 -0.027843192219734192
v -0.005550607573240995 0.07186993956565857 -0.027904774993658066
v -0.005560578312724829 0.0773983970284462 -0.02795490249991417
v -0.005575318355113268 0.08292684704065323 -0.028029005974531174
v -0.005590274464339018 0.08845530450344086 -0.02810419350862503
v -0.005598238669335842 0.09398376196622849 -0.0281442329287529
v -0.005615013651549816 0.09951221942901611 -0.02822856605052948
v -0.005635250359773636 0.10504067689180374 -0.028330303728580475
v -0.005647662095725536 0.11056913435459137 -0.028392702341079712
v -0.005659553688019514 0.116097591817379 -0.02845248579978943
v -0.005620245356112719 0.12162604928016663 -0.02825487032532692
v -0.005217637866735458 0.12715451419353485 -0.0262308232486248
v -0.0050626774318516254 0.13268296420574188 -0.025451786816120148
v -2.7939677238464355e-9 0.13268296420574188 -9.313225746154785e-10
v -2.7939677238464355e-9 -1.9269601470028874e-9 -9.313225746154785e-10
v -0.009551553055644035 -1.9269601470028874e-9 -0.023059483617544174
v -0.010584780015051365 0.0055284518748521805 -0.025553911924362183
v -0.010898666456341743 0.011056909337639809 -0.026311703026294708
v -0.010809545405209064 0.016585366800427437 -0.026096545159816742
v -0.010814415290951729 0.022113824263215065 -0.026108302175998688
v -0.010938286781311035 0.027642281726002693 -0.026407353579998016
v -0.010931451804935932 0.03317073732614517 -0.02639085426926613
v -0.010874340310692787 0.0386991947889328 -0.026252973824739456
v -0.010871062986552715 0.04422765225172043 -0.026245061308145523
v -0.010859756730496883 0.04975610971450806 -0.026217766106128693
v -0.010858522728085518 0.055284567177295685 -0.02621478959918022
v -0.010857220739126205 0.06081302464008331 -0.02621164545416832
v -0.010863877832889557 0.06634148210287094 -0.026227716356515884
v -0.010887905955314636 0.07186993956565857 -0.026285722851753235
v -0.010907463729381561 0.0773983970284462 -0.02633294090628624
v -0.010936377570033073 0.08292684704065323 -0.02640274539589882
v -0.010965715162456036 0.08845530450344086 -0.026473570615053177
v -0.01098133809864521 0.09398376196622849 -0.026511289179325104
v -0.01101424265652895 0.09951221942901611 -0.026590727269649506
v -0.011053938418626785 0.10504067689180374 -0.026686564087867737
v -0.011078285053372383 0.11056913435459137 -0.02674534171819687
v -0.011101611889898777 0.116097591817379 -0.026801656931638718
v -0.011024504899978638 0.12162604928016663 -0.026615504175424576
v -0.010234761983156204 0.12715451419353485 -0.02470889687538147
v -0.009930796921253204 0.13268296420574188 -0.023975059390068054
v -2.7939677238464355e-9 0.13268296420574188 -9.313225746154785e-10
v -2.7939677238464355e-9 -1.9269601470028874e-9 -9.313225746154785e-10
v -0.013866704888641834 -1.9269601470028874e-9 -0.020752985030412674
v -0.015366717241704464 0.0055284518748521805 -0.022997915744781494
v -0.015822410583496094 0.011056909337639809 -0.023679908365011215
v -0.015693027526140213 0.016585366800427437 -0.023486271500587463
v -0.015700098127126694 0.022113824263215065 -0.023496851325035095
v -0.015879929065704346 0.027642281726002693 -0.023765992373228073
v -0.01587000861763954 0.03317073732614517 -0.023751139640808105
v -0.015787094831466675 0.0386991947889328 -0.02362705022096634
v -0.01578233391046524 0.04422765225172043 -0.02361993119120598
v -0.015765924006700516 0.04975610971450806 -0.02359536662697792
v -0.015764132142066956 0.055284567177295685 -0.023592684417963028
v -0.015762239694595337 0.06081302464008331 -0.023589856922626495
v -0.015771903097629547 0.06634148210287094 -0.023604318499565125
v -0.015806786715984344 0.07186993956565857 -0.02365652471780777
v -0.01583518087863922 0.0773983970284462 -0.023699022829532623
v -0.01587715744972229 0.08292684704065323 -0.023761842399835587
v -0.015919748693704605 0.08845530450344086 -0.02382558584213257
v -0.01594243198633194 0.09398376196622849 -0.023859530687332153
v -0.015990201383829117 0.09951221942901611 -0.023931022733449936
v -0.016047831624746323 0.10504067689180374 -0.024017270654439926
v -0.01608317717909813 0.11056913435459137 -0.024070169776678085
v -0.016117040067911148 0.116097591817379 -0.02412085235118866
v -0.016005098819732666 0.12162604928016663 -0.02395332232117653
v -0.014858570881187916 0.12715451419353485 -0.022237420082092285
v -0.014417280443012714 0.13268296420574188 -0.021576981991529465
v -2.7939677238464355e-9 0.13268296420574188 -9.313225746154785e-10
v -2.7939677238464355e-9 -1.9269601470028874e-9 -9.313225746154785e-10
v -0.017648965120315552 -1.9269601470028874e-9 -0.017648965120315552
v -0.019558120518922806 0.0055284518748521805 -0.019558120518922806
v -0.020138107240200043 0.011056909337639809 -0.020138107240200043
v -0.019973434507846832 0.016585366800427437 -0.019973430782556534
v -0.019982431083917618 0.022113824263215065 -0.019982431083917618
v -0.020211316645145416 0.027642281726002693 -0.020211316645145416
v -0.02019868791103363 0.03317073732614517 -0.020198684185743332
v -0.0200931578874588 0.0386991947889328 -0.020093154162168503
v -0.020087100565433502 0.04422765225172043 -0.020087100565433502
v -0.020066212862730026 0.04975610971450806 -0.020066209137439728
v -0.020063932985067368 0.055284567177295685 -0.02006392925977707
v -0.02006152644753456 0.06081302464008331 -0.02006152644753456
v -0.020073827356100082 0.06634148210287094 -0.020073823630809784
v -0.02011822536587715 0.07186993956565857 -0.020118221640586853
v -0.02015436440706253 0.0773983970284462 -0.020154360681772232
v -0.020207788795232773 0.08292684704065323 -0.020207785069942474
v -0.020261995494365692 0.08845530450344086 -0.020261995494365692
v -0.020290862768888474 0.09398376196622849 -0.020290862768888474
v -0.02035166323184967 0.09951221942901611 -0.02035166323184967
v -0.020425014197826385 0.10504067689180374 -0.020425010472536087
v -0.02047000080347061 0.11056913435459137 -0.020469997078180313
v -0.020513102412223816 0.116097591817379 -0.020513098686933517
v -0.02037062868475914 0.12162604928016663 -0.02037062495946884
v -0.018911372870206833 0.12715451419353485 -0.018911369144916534
v -0.018349718302488327 0.13268296420574188 -0.01834971457719803
v -2.7939677238464355e-9 0.13268296420574188 -9.313225746154785e-10
v -2.7939677238464355e-9 -1.9269601470028874e-9 -9.313225746154785e-10
v -0.020752988755702972 -1.9269601470028874e-9 -0.013866703025996685
v -0.022997915744781494 0.0055284518748521805 -0.015366715379059315
v -0.023679908365011215 0.011056909337639809 -0.015822410583496094
v -0.023486271500587463 0.016585366800427437 -0.015693023800849915
v -0.023496855050325394 0.022113824263215065 -0.015700094401836395
v -0.023765992373228073 0.027642281726002693 -0.015879929065704346
v -0.023751143366098404 0.03317073732614517 -0.015870004892349243
v -0.023627053946256638 0.0386991947889328 -0.015787091106176376
v -0.02361993119120598 0.04422765225172043 -0.01578233391046524
v -0.02359537035226822 0.04975610971450806 -0.015765920281410217
v -0.023592688143253326 0.055284567177295685 -0.015764128416776657
v -0.023589860647916794 0.06081302464008331 -0.015762239694595337
v -0.023604322224855423 0.06634148210287094 -0.015771903097629547
v -0.023656528443098068 0.07186993956565857 -0.015806786715984344
v -0.023699022829532623 0.0773983970284462 -0.01583518087863922
v -0.023761846125125885 0.08292684704065323 -0.01587715744972229
v -0.02382558584213257 0.08845530450344086 -0.015919748693704605
v -0.023859530687332153 0.09398376196622849 -0.01594242826104164
v -0.023931022733449936 0.09951221942901611 -0.01599019765853882
v -0.024017274379730225 0.10504067689180374 -0.016047827899456024
v -0.024070173501968384 0.11056913435459137 -0.01608317345380783
v -0.024120856076478958 0.116097591817379 -0.016117040067911148
v -0.02395332232117653 0.12162604928016663 -0.016005098819732666
v -0.022237420082092285 0.12715451419353485 -0.014858569018542767
v -0.021576985716819763 0.13268296420574188 -0.014417278580367565
v -2.7939677238464355e-9 0.13268296420574188 -9.313225746154785e-10
v -2.7939677238464355e-9 -1.9269601470028874e-9 -9.313225746154785e-10
v -0.023059483617544174 -1.9269601470028874e-9 -0.009551551192998886
v -0.02555391564965248 0.0055284518748521805 -0.010584778152406216
v -0.026311706751585007 0.011056909337639809 -0.010898664593696594
v -0.02609654888510704 0.016585366800427437 -0.010809543542563915
v -0.026108305901288986 0.022113824263215065 -0.01081441342830658
v -0.026407357305288315 0.027642281726002693 -0.010938284918665886
v -0.02639085426926613 0.03317073732614517 -0.010931449942290783
v -0.026252973824739456 0.0386991947889328 -0.010874338448047638
v -0.026245061308145523 0.04422765225172043 -0.010871061123907566
v -0.02621776983141899 0.04975610971450806 -0.010859754867851734
v -0.02621478959918022 0.055284567177295685 -0.010858520865440369
v -0.02621164545416832 0.06081302464008331 -0.010857218876481056
v -0.026227716356515884 0.06634148210287094 -0.010863875970244408
v -0.026285726577043533 0.07186993956565857 -0.010887904092669487
v -0.026332944631576538 0.0773983970284462 -0.010907461866736412
v -0.026402749121189117 0.08292684704065323 -0.010936375707387924
v -0.026473574340343475 0.08845530450344086 -0.010965713299810886
v -0.026511289179325104 0.09398376196622849 -0.010981336236000061
v -0.026590730994939804 0.09951221942901611 -0.0110142407938838
v -0.026686564087867737 0.10504067689180374 -0.011053936555981636
v -0.02674534171819687 0.11056913435459137 -0.011078283190727234
v -0.026801656931638718 0.116097591817379 -0.011101610027253628
v -0.026615507900714874 0.12162604928016663 -0.011024503037333488
v -0.02470889687538147 0.12715451419353485 -0.010234760120511055
v -0.023975059390068054 0.13268296420574188 -0.009930795058608055
v -2.7939677238464355e-9 0.13268296420574188 -9.313225746154785e-10
v -2.7939677238464355e-9 -1.9269601470028874e-9 -9.313225746154785e-10
v -0.02447981759905815 -1.9269601470028874e-9 -0.004869339056313038
v -0.027127891778945923 0.0055284518748521805 -0.005396073684096336
v -0.027932357043027878 0.011056909337639809 -0.005556091666221619
v -0.027703948318958282 0.016585366800427437 -0.005510658025741577
v -0.02771642804145813 0.022113824263215065 -0.005513140931725502
v -0.028033901005983353 0.027642281726002693 -0.005576289724558592
v -0.028016384690999985 0.03317073732614517 -0.005572805646806955
v -0.02787001058459282 0.0386991947889328 -0.005543690174818039
v -0.027861610054969788 0.04422765225172043 -0.0055420189164578915
v -0.02783263474702835 0.04975610971450806 -0.005536255892366171
v -0.027829471975564957 0.055284567177295685 -0.005535626783967018
v -0.027826134115457535 0.06081302464008331 -0.005534962750971317
v -0.02784319594502449 0.06634148210287094 -0.005538356490433216
v -0.027904778718948364 0.07186993956565857 -0.005550605710595846
v -0.02795490249991417 0.0773983970284462 -0.0055605764500796795
v -0.028029005974531174 0.08292684704065323 -0.005575316492468119
v -0.02810419723391533 0.08845530450344086 -0.005590272601693869
v -0.028144236654043198 0.09398376196622849 -0.005598236806690693
v -0.02822856605052948 0.09951221942901611 -0.005615011788904667
v -0.028330307453870773 0.10504067689180374 -0.005635248497128487
v -0.028392702341079712 0.11056913435459137 -0.005647660233080387
v -0.02845248579978943 0.116097591817379 -0.005659551825374365
v -0.02825487032532692 0.12162604928016663 -0.005620243493467569
v -0.0262308269739151 0.12715451419353485 -0.005217636004090309
v -0.025451786816120148 0.13268296420574188 -0.005062675569206476
v -2.7939677238464355e-9 0.13268296420574188 -9.313225746154785e-10
v -2.7939677238464355e-9 -1.9269601470028874e-9 -9.313225746154785e-10
v -0.02495940774679184 -1.9269601470028874e-9 -9.313225746154785e-10
v -0.027659360319375992 0.0055284518748521805 -9.313225746154785e-10
v -0.02847958356142044 0.011056909337639809 -9.313225746154785e-10
v -0.028246700763702393 0.016585366800427437 -9.313225746154785e-10
v -0.02825942635536194 0.022113824263215065 -9.313225746154785e-10
v -0.028583116829395294 0.027642281726002693 -9.313225746154785e-10
v -0.028565257787704468 0.03317073732614517 -9.313225746154785e-10
v -0.028416015207767487 0.0386991947889328 -9.313225746154785e-10
v -0.028407450765371323 0.04422765225172043 -9.313225746154785e-10
v -0.02837790921330452 0.04975610971450806 -9.313225746154785e-10
v -0.02837468311190605 0.055284567177295685 -9.313225746154785e-10
v -0.028371281921863556 0.06081302464008331 -9.313225746154785e-10
v -0.028388675302267075 0.06634148210287094 -9.313225746154785e-10
v -0.02845146507024765 0.07186993956565857 -9.313225746154785e-10
v -0.02850257232785225 0.0773983970284462 -9.313225746154785e-10
v -0.028578128665685654 0.08292684704065323 -9.313225746154785e-10
v -0.028654787689447403 0.08845530450344086 -9.313225746154785e-10
v -0.028695613145828247 0.09398376196622849 -9.313225746154785e-10
v -0.028781596571207047 0.09951221942901611 -9.313225746154785e-10
v -0.02888532727956772 0.10504067689180374 -9.313225746154785e-10
v -0.02894894778728485 0.11056913435459137 -9.313225746154785e-10
v -0.029009904712438583 0.116097591817379 -9.313225746154785e-10
v -0.028808414936065674 0.12162604928016663 -9.313225746154785e-10
v -0.026744719594717026 0.12715451419353485 -9.313225746154785e-10
v -0.025950416922569275 0.13268296420574188 -9.313225746154785e-10
v -2.7939677238464355e-9 0.13268296420574188 -9.313225746154785e-10
v -2.7939677238464355e-9 -1.9269601470028874e-9 -9.313225746154785e-10
v -0.02447981759905815 -1.9269601470028874e-9 0.004869337193667889
v -0.027127891778945923 0.0055284518748521805 0.005396071821451187
v -0.027932357043027878 0.011056909337639809 0.005556089803576469
v -0.027703948318958282 0.016585366800427437 0.005510656163096428
v -0.02771642804145813 0.022113824263215065 0.005513139069080353
v -0.028033901005983353 0.027642281726002693 0.005576287861913443
v -0.028016384690999985 0.03317073732614517 0.005572803784161806
v -0.02787001058459282 0.0386991947889328 0.00554368831217289
v -0.027861610054969788 0.04422765225172043 0.005542017053812742
v -0.02783263474702835 0.04975610971450806 0.005536254029721022
v -0.027829471975564957 0.055284567177295685 0.005535624921321869
v -0.027826134115457535 0.06081302464008331 0.005534960888326168
v -0.02784319594502449 0.06634148210287094 0.005538354627788067
v -0.027904778718948364 0.07186993956565857 0.005550603847950697
v -0.02795490249991417 0.0773983970284462 0.00556057458743453
v -0.028029005974531174 0.08292684704065323 0.0055753146298229694
v -0.02810419723391533 0.08845530450344086 0.005590270739048719
v -0.028144236654043198 0.09398376196622849 0.005598234944045544
v -0.02822856605052948 0.09951221942901611 0.005615009926259518
v -0.028330307453870773 0.10504067689180374 0.005635246634483337
v -0.028392702341079712 0.11056913435459137 0.005647658370435238
v -0.02845248579978943 0.116097591817379 0.005659549962729216
v -0.02825487032532692 0.12162604928016663 0.00562024163082242
v -0.0262308269739151 0.12715451419353485 0.00521763414144516
v -0.025451786816120148 0.13268296420574188 0.005062673706561327
v -2.7939677238464355e-9 0.13268296420574188 -9.313225746154785e-10
v -2.7939677238464355e-9 -1.9269601470028874e-9 -9.313225746154785e-10
v -0.023059483617544174 -1.9269601470028874e-9 0.009551549330353737
v -0.02555391564965248 0.0055284518748521805 0.010584776289761066
v -0.026311706751585007 0.011056909337639809 0.010898662731051445
v -0.02609654888510704 0.016585366800427437 0.010809541679918766
v -0.026108305901288986 0.022113824263215065 0.01081441156566143
v -0.026407357305288315 0.027642281726002693 0.010938283056020737
v -0.02639085426926613 0.03317073732614517 0.010931448079645634
v -0.026252973824739456 0.0386991947889328 0.010874336585402489
v -0.026245061308145523 0.04422765225172043 0.010871059261262417
v -0.02621776983141899 0.04975610971450806 0.010859753005206585
v -0.02621478959918022 0.055284567177295685 0.01085851900279522
v -0.02621164545416832 0.06081302464008331 0.010857217013835907
v -0.026227716356515884 0.06634148210287094 0.010863874107599258
v -0.026285726577043533 0.07186993956565857 0.010887902230024338
v -0.026332944631576538 0.0773983970284462 0.010907460004091263
v -0.026402749121189117 0.08292684704065323 0.010936373844742775
v -0.026473574340343475 0.08845530450344086 0.010965711437165737
v -0.026511289179325104 0.09398376196622849 0.010981334373354912
v -0.026590730994939804 0.09951221942901611 0.011014238931238651
v -0.026686564087867737 0.10504067689180374 0.011053934693336487
v -0.02674534171819687 0.11056913435459137 0.011078281328082085
v -0.026801656931638718 0.116097591817379 0.011101608164608479
v -0.026615507900714874 0.12162604928016663 0.01102450117468834
v -0.02470889687538147 0.12715451419353485 0.010234758257865906
v -0.023975059390068054 0.13268296420574188 0.009930793195962906
v -2.7939677238464355e-9 0.13268296420574188 -9.313225746154785e-10
v -2.7939677238464355e-9 -1.9269601470028874e-9 -9.313225746154785e-10
v -0.020752988755702972 -1.9269601470028874e-9 0.013866701163351536
v -0.022997915744781494 0.0055284518748521805 0.015366713516414165
v -0.023679908365011215 0.011056909337639809 0.015822406858205795
v -0.023486271500587463 0.016585366800427437 0.015693023800849915
v -0.023496855050325394 0.022113824263215065 0.015700094401836395
v -0.023765992373228073 0.027642281726002693 0.015879925340414047
v -0.023751143366098404 0.03317073732614517 0.015870004892349243
v -0.023627053946256638 0.0386991947889328 0.015787091106176376
v -0.02361993119120598 0.04422765225172043 0.015782330185174942
v -0.02359537035226822 0.04975610971450806 0.015765920281410217
v -0.023592688143253326 0.055284567177295685 0.015764128416776657
v -0.023589860647916794 0.06081302464008331 0.01576223596930504
v -0.023604322224855423 0.06634148210287094 0.01577189937233925
v -0.023656528443098068 0.07186993956565857 0.015806782990694046
v -0.023699022829532623 0.0773983970284462 0.015835177153348923
v -0.023761846125125885 0.08292684704065323 0.01587715372443199
v -0.02382558584213257 0.08845530450344086 0.015919744968414307
v -0.023859530687332153 0.09398376196622849 0.01594242826104164
v -0.023931022733449936 0.09951221942901611 0.01599019765853882
v -0.024017274379730225 0.10504067689180374 0.016047827899456024
v -0.024070173501968384 0.11056913435459137 0.01608317345380783
v -0.024120856076478958 0.116097591817379 0.01611703634262085
v -0.02395332232117653 0.12162604928016663 0.016005095094442368
v -0.022237420082092285 0.12715451419353485 0.014858567155897617
v -0.021576985716819763 0.13268296420574188 0.014417276717722416
v -2.7939677238464355e-9 0.13268296420574188 -9.313225746154785e-10
v -2.7939677238464355e-9 -1.9269601470028874e-9 -9.313225746154785e-10
v -0.017648965120315552 -1.9269601470028874e-9 0.017648961395025253
v -0.019558120518922806 0.0055284518748521805 0.019558116793632507
v -0.020138107240200043 0.011056909337639809 0.020138103514909744
v -0.019973434507846832 0.016585366800427437 0.019973430782556534
v -0.019982431083917618 0.022113824263215065 0.01998242735862732
v -0.020211316645145416 0.027642281726002693 0.020211312919855118
v -0.02019868791103363 0.03317073732614517 0.020198684185743332
v -0.0200931578874588 0.0386991947889328 0.020093154162168503
v -0.020087100565433502 0.04422765225172043 0.020087096840143204
v -0.020066212862730026 0.04975610971450806 0.020066209137439728
v -0.020063932985067368 0.055284567177295685 0.02006392925977707
v -0.02006152644753456 0.06081302464008331 0.020061522722244263
v -0.020073827356100082 0.06634148210287094 0.020073823630809784
v -0.02011822536587715 0.07186993956565857 0.020118221640586853
v -0.02015436440706253 0.0773983970284462 0.020154360681772232
v -0.020207788795232773 0.08292684704065323 0.020207785069942474
v -0.020261995494365692 0.08845530450344086 0.020261991769075394
v -0.020290862768888474 0.09398376196622849 0.020290859043598175
v -0.02035166323184967 0.09951221942901611 0.020351659506559372
v -0.020425014197826385 0.10504067689180374 0.020425010472536087
v -0.02047000080347061 0.11056913435459137 0.020469997078180313
v -0.020513102412223816 0.116097591817379 0.020513098686933517
v -0.02037062868475914 0.12162604928016663 0.02037062495946884
v -0.018911372870206833 0.12715451419353485 0.018911369144916534
v -0.018349718302488327 0.13268296420574188 0.01834971457719803
v -2.7939677238464355e-9 0.13268296420574188 -9.313225746154785e-10
v -2.7939677238464355e-9 -1.9269601470028874e-9 -9.313225746154785e-10
v -0.013866704888641834 -1.9269601470028874e-9 0.020752985030412674
v -0.015366717241704464 0.0055284518748521805 0.022997912019491196
v -0.015822410583496094 0.011056909337639809 0.023679904639720917
v -0.015693027526140213 0.016585366800427437 0.023486267775297165
v -0.015700098127126694 0.022113824263215065 0.023496851325035095
v -0.015879929065704346 0.027642281726002693 0.023765988647937775
v -0.01587000861763954 0.03317073732614517 0.023751139640808105
v -0.015787094831466675 0.0386991947889328 0.02362705022096634
v -0.01578233391046524 0.04422765225172043 0.02361992746591568
v -0.015765924006700516 0.04975610971450806 0.02359536662697792
v -0.015764132142066956 0.055284567177295685 0.023592684417963028
v -0.015762239694595337 0.06081302464008331 0.023589856922626495
v -0.015771903097629547 0.06634148210287094 0.023604318499565125
v -0.015806786715984344 0.07186993956565857 0.02365652471780777
v -0.01583518087863922 0.0773983970284462 0.023699019104242325
v -0.01587715744972229 0.08292684704065323 0.023761842399835587
v -0.015919748693704605 0.08845530450344086 0.02382558211684227
v -0.01594243198633194 0.09398376196622849 0.023859526962041855
v -0.015990201383829117 0.09951221942901611 0.023931019008159637
v -0.016047831624746323 0.10504067689180374 0.024017270654439926
v -0.01608317717909813 0.11056913435459137 0.024070169776678085
v -0.016117040067911148 0.116097591817379 0.02412085235118866
v -0.016005098819732666 0.12162604928016663 0.02395331859588623
v -0.014858570881187916 0.12715451419353485 0.022237416356801987
v -0.014417280443012714 0.13268296420574188 0.021576981991529465
v -2.7939677238464355e-9 0.13268296420574188 -9.313225746154785e-10
v -2.7939677238464355e-9 -1.9269601470028874e-9 -9.313225746154785e-10
v -0.009551553055644035 -1.9269601470028874e-9 0.023059479892253876
v -0.010584780015051365 0.0055284518748521805 0.025553911924362183
v -0.010898666456341743 0.011056909337639809 0.026311703026294708
v -0.010809545405209064 0.016585366800427437 0.026096545159816742
v -0.010814415290951729 0.022113824263215065 0.026108302175998688
v -0.010938286781311035 0.027642281726002693 0.026407353579998016
v -0.010931451804935932 0.03317073732614517 0.02639085054397583
v -0.010874340310692787 0.0386991947889328 0.026252970099449158
v -0.010871062986552715 0.04422765225172043 0.026245057582855225
v -0.010859756730496883 0.04975610971450806 0.026217766106128693
v -0.010858522728085518 0.055284567177295685 0.026214785873889923
v -0.010857220739126205 0.06081302464008331 0.02621164172887802
v -0.010863877832889557 0.06634148210287094 0.026227712631225586
v -0.010887905955314636 0.07186993956565857 0.026285722851753235
v -0.010907463729381561 0.0773983970284462 0.02633294090628624
v -0.010936377570033073 0.08292684704065323 0.02640274539589882
v -0.010965715162456036 0.08845530450344086 0.026473570615053177
v -0.01098133809864521 0.09398376196622849 0.026511285454034805
v -0.01101424265652895 0.09951221942901611 0.026590727269649506
v -0.011053938418626785 0.10504067689180374 0.02668656036257744
v -0.011078285053372383 0.11056913435459137 0.02674533799290657
v -0.011101611889898777 0.116097591817379 0.02680165320634842
v -0.011024504899978638 0.12162604928016663 0.026615504175424576
v -0.010234761983156204 0.12715451419353485 0.02470889315009117
v -0.009930796921253204 0.13268296420574188 0.023975055664777756
v -2.7939677238464355e-9 0.13268296420574188 -9.313225746154785e-10
v -2.7939677238464355e-9 -1.9269601470028874e-9 -9.313225746154785e-10
v -0.004869340918958187 -1.9269601470028874e-9 0.024479813873767853
v -0.005396075546741486 0.0055284518748521805 0.027127888053655624
v -0.005556093528866768 0.011056909337639809 0.02793235331773758
v -0.005510659888386726 0.016585366800427437 0.027703944593667984
v -0.005513142794370651 0.022113824263215065 0.02771642431616783
v -0.005576291587203741 0.027642281726002693 0.028033897280693054
v -0.005572807509452105 0.03317073732614517 0.028016380965709686
v -0.005543692037463188 0.0386991947889328 0.02787000685930252
v -0.005542020779103041 0.04422765225172043 0.02786160632967949
v -0.00553625775501132 0.04975610971450806 0.027832631021738052
v -0.005535628646612167 0.055284567177295685 0.027829468250274658
v -0.0055349646136164665 0.06081302464008331 0.027826130390167236
v -0.005538358353078365 0.06634148210287094 0.027843192219734192
v -0.005550607573240995 0.07186993956565857 0.027904774993658066
v -0.005560578312724829 0.0773983970284462 0.02795489877462387
v -0.005575318355113268 0.08292684704065323 0.028029002249240875
v -0.005590274464339018 0.08845530450344086 0.02810419350862503
v -0.005598238669335842 0.09398376196622849 0.0281442329287529
v -0.005615013651549816 0.09951221942901611 0.02822856232523918
v -0.005635250359773636 0.10504067689180374 0.028330303728580475
v -0.005647662095725536 0.11056913435459137 0.028392698615789413
v -0.005659553688019514 0.116097591817379 0.02845248207449913
v -0.005620245356112719 0.12162604928016663 0.02825486660003662
v -0.005217637866735458 0.12715451419353485 0.0262308232486248
v -0.0050626774318516254 0.13268296420574188 0.02545178309082985
v -2.7939677238464355e-9 0.13268296420574188 -9.313225746154785e-10
v -2.7939677238464355e-9 -1.9269601470028874e-9 -9.313225746154785e-10
v -2.7939677238464355e-9 -1.9269601470028874e-9 0.02495940402150154
v -2.7939677238464355e-9 0.0055284518748521805 0.027659356594085693
v -2.7939677238464355e-9 0.011056909337639809 0.028479579836130142
v -2.7939677238464355e-9 0.016585366800427437 0.028246697038412094
v -2.7939677238464355e-9 0.022113824263215065 0.02825942263007164
v -2.7939677238464355e-9 0.027642281726002693 0.028583113104104996
v -2.7939677238464355e-9 0.03317073732614517 0.02856525406241417
v -2.7939677238464355e-9 0.0386991947889328 0.028416011482477188
v -2.7939677238464355e-9 0.04422765225172043 0.028407447040081024
v -2.7939677238464355e-9 0.04975610971450806 0.02837790548801422
v -2.7939677238464355e-9 0.055284567177295685 0.028374679386615753
v -2.7939677238464355e-9 0.06081302464008331 0.028371278196573257
v -2.7939677238464355e-9 0.06634148210287094 0.028388671576976776
v -2.7939677238464355e-9 0.07186993956565857 0.02845146134495735
v -2.7939677238464355e-9 0.0773983970284462 0.02850256860256195
v -2.7939677238464355e-9 0.08292684704065323 0.028578124940395355
v -2.7939677238464355e-9 0.08845530450344086 0.028654783964157104
v -2.7939677238464355e-9 0.09398376196622849 0.02869560942053795
v -2.7939677238464355e-9 0.09951221942901611 0.028781592845916748
v -2.7939677238464355e-9 0.10504067689180374 0.02888532355427742
v -2.7939677238464355e-9 0.11056913435459137 0.028948944061994553
v -2.7939677238464355e-9 0.116097591817379 0.029009900987148285
v -2.7939677238464355e-9 0.12162604928016663 0.028808411210775375
v -2.7939677238464355e-9 0.12715451419353485 0.026744715869426727
v -2.7939677238464355e-9 0.13268296420574188 0.025950413197278976
v -2.7939677238464355e-9 0.13268296420574188 -9.313225746154785e-10
vt 0 0
vt 0 0.03846153989434242
vt 0 0.07692307978868484
vt 0 0.11538461595773697
vt 0 0.1538461595773697
vt 0 0.19230769574642181
vt 0 0.23076923191547394
vt 0 0.26923078298568726
vt 0 0.3076923191547394
vt 0 0.3461538553237915
vt 0 0.38461539149284363
vt 0 0.42307692766189575
vt 0 0.4615384638309479
vt 0 0.5
vt 0 0.5384615659713745
vt 0 0.5769230723381042
vt 0 0.6153846383094788
vt 0 0.6538461446762085
vt 0 0.692307710647583
vt 0 0.7307692170143127
vt 0 0.7692307829856873
vt 0 0.807692289352417
vt 0 0.8461538553237915
vt 0 0.8846153616905212
vt 0 0.9230769276618958
vt 0 0.9615384340286255
vt 0 1
vt 0.03125 0
vt 0.03125 0.03846153989434242
vt 0.03125 0.07692307978868484
vt 0.03125 0.11538461595773697
vt 0.03125 0.1538461595773697
vt 0.03125 0.19230769574642181
vt 0.03125 0.23076923191547394
vt 0.03125 0.26923078298568726
vt 0.03125 0.3076923191547394
vt 0.03125 0.3461538553237915
vt 0.03125 0.38461539149284363
vt 0.03125 0.42307692766189575
vt 0.03125 0.4615384638309479
vt 0.03125 0.5
vt 0.03125 0.5384615659713745
vt 0.03125 0.5769230723381042
vt 0.03125 0.6153846383094788
vt 0.03125 0.6538461446762085
vt 0.03125 0.692307710647583
vt 0.03125 0.7307692170143127
vt 0.03125 0.7692307829856873
vt 0.03125 0.807692289352417
vt 0.03125 0.8461538553237915
vt 0.03125 0.8846153616905212
vt 0.03125 0.9230769276618958
vt 0.03125 0.9615384340286255
vt 0.03125 1
vt 0.0625 0
vt 0.0625 0.03846153989434242
vt 0.0625 0.07692307978868484
vt 0.0625 0.11538461595773697
vt 0.0625 0.1538461595773697
vt 0.0625 0.19230769574642181
vt 0.0625 0.23076923191547394
vt 0.0625 0.26923078298568726
vt 0.0625 0.3076923191547394
vt 0.0625 0.3461538553237915
vt 0.0625 0.38461539149284363
vt 0.0625 0.42307692766189575
vt 0.0625 0.4615384638309479
vt 0.0625 0.5
vt 0.0625 0.5384615659713745
vt 0.0625 0.5769230723381042
vt 0.0625 0.6153846383094788
vt 0.0625 0.6538461446762085
vt 0.0625 0.692307710647583
vt 0.0625 0.7307692170143127
vt 0.0625 0.7692307829856873
vt 0.0625 0.807692289352417
vt 0.0625 0.8461538553237915
vt 0.0625 0.8846153616905212
vt 0.0625 0.9230769276618958
vt 0.0625 0.9615384340286255
vt 0.0625 1
vt 0.09375 0
vt 0.09375 0.03846153989434242
vt 0.09375 0.07692307978868484
vt 0.09375 0.11538461595773697
vt 0.09375 0.1538461595773697
vt 0.09375 0.19230769574642181
vt 0.09375 0.23076923191547394
vt 0.09375 0.26923078298568726
vt 0.09375 0.3076923191547394
vt 0.09375 0.3461538553237915
vt 0.09375 0.38461539149284363
vt 0.09375 0.42307692766189575
vt 0.09375 0.4615384638309479
vt 0.09375 0.5
vt 0.09375 0.5384615659713745
vt 0.09375 0.5769230723381042
vt 0.09375 0.6153846383094788
vt 0.09375 0.6538461446762085
vt 0.09375 0.692307710647583
vt 0.09375 0.7307692170143127
vt 0.09375 0.7692307829856873
vt 0.09375 0.807692289352417
vt 0.09375 0.8461538553237915
vt 0.09375 0.8846153616905212
vt 0.09375 0.9230769276618958
vt 0.09375 0.9615384340286255
vt 0.09375 1
vt 0.125 0
vt 0.125 0.03846153989434242
vt 0.125 0.07692307978868484
vt 0.125 0.11538461595773697
vt 0.125 0.1538461595773697
vt 0.125 0.19230769574642181
vt 0.125 0.23076923191547394
vt 0.125 0.26923078298568726
vt 0.125 0.3076923191547394
vt 0.125 0.3461538553237915
vt 0.125 0.38461539149284363
vt 0.125 0.42307692766189575
vt 0.125 0.4615384638309479
vt 0.125 0.5
vt 0.125 0.5384615659713745
vt 0.125 0.5769230723381042
vt 0.125 0.6153846383094788
vt 0.125 0.6538461446762085
vt 0.125 0.692307710647583
vt 0.125 0.7307692170143127
vt 0.125 0.7692307829856873
vt 0.125 0.807692289352417
vt 0.125 0.8461538553237915
vt 0.125 0.8846153616905212
vt 0.125 0.9230769276618958
vt 0.125 0.9615384340286255
vt 0.125 1
vt 0.15625 0
vt 0.15625 0.03846153989434242
vt 0.15625 0.07692307978868484
vt 0.15625 0.11538461595773697
vt 0.15625 0.1538461595773697
vt 0.15625 0.19230769574642181
vt 0.15625 0.23076923191547394
vt 0.15625 0.26923078298568726
vt 0.15625 0.3076923191547394
vt 0.15625 0.3461538553237915
vt 0.15625 0.38461539149284363
vt 0.15625 0.42307692766189575
vt 0.15625 0.4615384638309479
vt 0.15625 0.5
vt 0.15625 0.5384615659713745
vt 0.15625 0.5769230723381042
vt 0.15625 0.6153846383094788
vt 0.15625 0.6538461446762085
vt 0.15625 0.692307710647583
vt 0.15625 0.7307692170143127
vt 0.15625 0.7692307829856873
vt 0.15625 0.807692289352417
vt 0.15625 0.8461538553237915
vt 0.15625 0.8846153616905212
vt 0.15625 0.9230769276618958
vt 0.15625 0.9615384340286255
vt 0.15625 1
vt 0.1875 0
vt 0.1875 0.03846153989434242
vt 0.1875 0.07692307978868484
vt 0.1875 0.11538461595773697
vt 0.1875 0.1538461595773697
vt 0.1875 0.19230769574642181
vt 0.1875 0.23076923191547394
vt 0.1875 0.26923078298568726
vt 0.1875 0.3076923191547394
vt 0.1875 0.3461538553237915
vt 0.1875 0.38461539149284363
vt 0.1875 0.42307692766189575
vt 0.1875 0.4615384638309479
vt 0.1875 0.5
vt 0.1875 0.5384615659713745
vt 0.1875 0.5769230723381042
vt 0.1875 0.6153846383094788
vt 0.1875 0.6538461446762085
vt 0.1875 0.692307710647583
vt 0.1875 0.7307692170143127
vt 0.1875 0.7692307829856873
vt 0.1875 0.807692289352417
vt 0.1875 0.8461538553237915
vt 0.1875 0.8846153616905212
vt 0.1875 0.9230769276618958
vt 0.1875 0.9615384340286255
vt 0.1875 1
vt 0.21875 0
vt 0.21875 0.03846153989434242
vt 0.21875 0.07692307978868484
vt 0.21875 0.11538461595773697
vt 0.21875 0.1538461595773697
vt 0.21875 0.19230769574642181
vt 0.21875 0.23076923191547394
vt 0.21875 0.26923078298568726
vt 0.21875 0.3076923191547394
vt 0.21875 0.3461538553237915
vt 0.21875 0.38461539149284363
vt 0.21875 0.42307692766189575
vt 0.21875 0.4615384638309479
vt 0.21875 0.5
vt 0.21875 0.5384615659713745
vt 0.21875 0.5769230723381042
vt 0.21875 0.6153846383094788
vt 0.21875 0.6538461446762085
vt 0.21875 0.692307710647583
vt 0.21875 0.7307692170143127
vt 0.21875 0.7692307829856873
vt 0.21875 0.807692289352417
vt 0.21875 0.8461538553237915
vt 0.21875 0.8846153616905212
vt 0.21875 0.9230769276618958
vt 0.21875 0.9615384340286255
vt 0.21875 1
vt 0.25 0
vt 0.25 0.03846153989434242
vt 0.25 0.07692307978868484
vt 0.25 0.11538461595773697
vt 0.25 0.1538461595773697
vt 0.25 0.19230769574642181
vt 0.25 0.23076923191547394
vt 0.25 0.26923078298568726
vt 0.25 0.3076923191547394
vt 0.25 0.3461538553237915
vt 0.25 0.38461539149284363
vt 0.25 0.42307692766189575
vt 0.25 0.4615384638309479
vt 0.25 0.5
vt 0.25 0.5384615659713745
vt 0.25 0.5769230723381042
vt 0.25 0.6153846383094788
vt 0.25 0.6538461446762085
vt 0.25 0.692307710647583
vt 0.25 0.7307692170143127
vt 0.25 0.7692307829856873
vt 0.25 0.807692289352417
vt 0.25 0.8461538553237915
vt 0.25 0.8846153616905212
vt 0.25 0.9230769276618958
vt 0.25 0.9615384340286255
vt 0.25 1
vt 0.28125 0
vt 0.28125 0.03846153989434242
vt 0.28125 0.07692307978868484
vt 0.28125 0.11538461595773697
vt 0.28125 0.1538461595773697
vt 0.28125 0.19230769574642181
vt 0.28125 0.23076923191547394
vt 0.28125 0.26923078298568726
vt 0.28125 0.3076923191547394
vt 0.28125 0.3461538553237915
vt 0.28125 0.38461539149284363
vt 0.28125 0.42307692766189575
vt 0.28125 0.4615384638309479
vt 0.28125 0.5
vt 0.28125 0.5384615659713745
vt 0.28125 0.5769230723381042
vt 0.28125 0.6153846383094788
vt 0.28125 0.6538461446762085
vt 0.28125 0.692307710647583
vt 0.28125 0.7307692170143127
vt 0.28125 0.7692307829856873
vt 0.28125 0.807692289352417
vt 0.28125 0.8461538553237915
vt 0.28125 0.8846153616905212
vt 0.28125 0.9230769276618958
vt 0.28125 0.9615384340286255
vt 0.28125 1
vt 0.3125 0
vt 0.3125 0.03846153989434242
vt 0.3125 0.07692307978868484
vt 0.3125 0.11538461595773697
vt 0.3125 0.1538461595773697
vt 0.3125 0.19230769574642181
vt 0.3125 0.23076923191547394
vt 0.3125 0.26923078298568726
vt 0.3125 0.3076923191547394
vt 0.3125 0.3461538553237915
vt 0.3125 0.38461539149284363
vt 0.3125 0.42307692766189575
vt 0.3125 0.4615384638309479
vt 0.3125 0.5
vt 0.3125 0.5384615659713745
vt 0.3125 0.5769230723381042
vt 0.3125 0.6153846383094788
vt 0.3125 0.6538461446762085
vt 0.3125 0.692307710647583
vt 0.3125 0.7307692170143127
vt 0.3125 0.7692307829856873
vt 0.3125 0.807692289352417
vt 0.3125 0.8461538553237915
vt 0.3125 0.8846153616905212
vt 0.3125 0.9230769276618958
vt 0.3125 0.9615384340286255
vt 0.3125 1
vt 0.34375 0
vt 0.34375 0.03846153989434242
vt 0.34375 0.07692307978868484
vt 0.34375 0.11538461595773697
vt 0.34375 0.1538461595773697
vt 0.34375 0.19230769574642181
vt 0.34375 0.23076923191547394
vt 0.34375 0.26923078298568726
vt 0.34375 0.3076923191547394
vt 0.34375 0.3461538553237915
vt 0.34375 0.38461539149284363
vt 0.34375 0.42307692766189575
vt 0.34375 0.4615384638309479
vt 0.34375 0.5
vt 0.34375 0.5384615659713745
vt 0.34375 0.5769230723381042
vt 0.34375 0.6153846383094788
vt 0.34375 0.6538461446762085
vt 0.34375 0.692307710647583
vt 0.34375 0.7307692170143127
vt 0.34375 0.7692307829856873
vt 0.34375 0.807692289352417
vt 0.34375 0.8461538553237915
vt 0.34375 0.8846153616905212
vt 0.34375 0.9230769276618958
vt 0.34375 0.9615384340286255
vt 0.34375 1
vt 0.375 0
vt 0.375 0.03846153989434242
vt 0.375 0.07692307978868484
vt 0.375 0.11538461595773697
vt 0.375 0.1538461595773697
vt 0.375 0.19230769574642181
vt 0.375 0.23076923191547394
vt 0.375 0.26923078298568726
vt 0.375 0.3076923191547394
vt 0.375 0.3461538553237915
vt 0.375 0.38461539149284363
vt 0.375 0.42307692766189575
vt 0.375 0.4615384638309479
vt 0.375 0.5
vt 0.375 0.5384615659713745
vt 0.375 0.5769230723381042
vt 0.375 0.6153846383094788
vt 0.375 0.6538461446762085
vt 0.375 0.692307710647583
vt 0.375 0.7307692170143127
vt 0.375 0.7692307829856873
vt 0.375 0.807692289352417
vt 0.375 0.8461538553237915
vt 0.375 0.8846153616905212
vt 0.375 0.9230769276618958
vt 0.375 0.9615384340286255
vt 0.375 1
vt 0.40625 0
vt 0.40625 0.03846153989434242
vt 0.40625 0.07692307978868484
vt 0.40625 0.11538461595773697
vt 0.40625 0.1538461595773697
vt 0.40625 0.19230769574642181
vt 0.40625 0.23076923191547394
vt 0.40625 0.26923078298568726
vt 0.40625 0.3076923191547394
vt 0.40625 0.3461538553237915
vt 0.40625 0.38461539149284363
vt 0.40625 0.42307692766189575
vt 0.40625 0.4615384638309479
vt 0.40625 0.5
vt 0.40625 0.5384615659713745
vt 0.40625 0.5769230723381042
vt 0.40625 0.6153846383094788
vt 0.40625 0.6538461446762085
vt 0.40625 0.692307710647583
vt 0.40625 0.7307692170143127
vt 0.40625 0.7692307829856873
vt 0.40625 0.807692289352417
vt 0.40625 0.8461538553237915
vt 0.40625 0.8846153616905212
vt 0.40625 0.9230769276618958
vt 0.40625 0.9615384340286255
vt 0.40625 1
vt 0.4375 0
vt 0.4375 0.03846153989434242
vt 0.4375 0.07692307978868484
vt 0.4375 0.11538461595773697
vt 0.4375 0.1538461595773697
vt 0.4375 0.19230769574642181
vt 0.4375 0.23076923191547394
vt 0.4375 0.26923078298568726
vt 0.4375 0.3076923191547394
vt 0.4375 0.3461538553237915
vt 0.4375 0.38461539149284363
vt 0.4375 0.42307692766189575
vt 0.4375 0.4615384638309479
vt 0.4375 0.5
vt 0.4375 0.5384615659713745
vt 0.4375 0.5769230723381042
vt 0.4375 0.6153846383094788
vt 0.4375 0.6538461446762085
vt 0.4375 0.692307710647583
vt 0.4375 0.7307692170143127
vt 0.4375 0.7692307829856873
vt 0.4375 0.807692289352417
vt 0.4375 0.8461538553237915
vt 0.4375 0.8846153616905212
vt 0.4375 0.9230769276618958
vt 0.4375 0.9615384340286255
vt 0.4375 1
vt 0.46875 0
vt 0.46875 0.03846153989434242
vt 0.46875 0.07692307978868484
vt 0.46875 0.11538461595773697
vt 0.46875 0.1538461595773697
vt 0.46875 0.19230769574642181
vt 0.46875 0.23076923191547394
vt 0.46875 0.26923078298568726
vt 0.46875 0.3076923191547394
vt 0.46875 0.3461538553237915
vt 0.46875 0.38461539149284363
vt 0.46875 0.42307692766189575
vt 0.46875 0.4615384638309479
vt 0.46875 0.5
vt 0.46875 0.5384615659713745
vt 0.46875 0.5769230723381042
vt 0.46875 0.6153846383094788
vt 0.46875 0.6538461446762085
vt 0.46875 0.692307710647583
vt 0.46875 0.7307692170143127
vt 0.46875 0.7692307829856873
vt 0.46875 0.807692289352417
vt 0.46875 0.8461538553237915
vt 0.46875 0.8846153616905212
vt 0.46875 0.9230769276618958
vt 0.46875 0.9615384340286255
vt 0.46875 1
vt 0.5 0
vt 0.5 0.03846153989434242
vt 0.5 0.07692307978868484
vt 0.5 0.11538461595773697
vt 0.5 0.1538461595773697
vt 0.5 0.19230769574642181
vt 0.5 0.23076923191547394
vt 0.5 0.26923078298568726
vt 0.5 0.3076923191547394
vt 0.5 0.3461538553237915
vt 0.5 0.38461539149284363
vt 0.5 0.42307692766189575
vt 0.5 0.4615384638309479
vt 0.5 0.5
vt 0.5 0.5384615659713745
vt 0.5 0.5769230723381042
vt 0.5 0.6153846383094788
vt 0.5 0.6538461446762085
vt 0.5 0.692307710647583
vt 0.5 0.7307692170143127
vt 0.5 0.7692307829856873
vt 0.5 0.807692289352417
vt 0.5 0.8461538553237915
vt 0.5 0.8846153616905212
vt 0.5 0.9230769276618958
vt 0.5 0.9615384340286255
vt 0.5 1
vt 0.53125 0
vt 0.53125 0.03846153989434242
vt 0.53125 0.07692307978868484
vt 0.53125 0.11538461595773697
vt 0.53125 0.1538461595773697
vt 0.53125 0.19230769574642181
vt 0.53125 0.23076923191547394
vt 0.53125 0.26923078298568726
vt 0.53125 0.3076923191547394
vt 0.53125 0.3461538553237915
vt 0.53125 0.38461539149284363
vt 0.53125 0.42307692766189575
vt 0.53125 0.4615384638309479
vt 0.53125 0.5
vt 0.53125 0.5384615659713745
vt 0.53125 0.5769230723381042
vt 0.53125 0.6153846383094788
vt 0.53125 0.6538461446762085
vt 0.53125 0.692307710647583
vt 0.53125 0.7307692170143127
vt 0.53125 0.7692307829856873
vt 0.53125 0.807692289352417
vt 0.53125 0.8461538553237915
vt 0.53125 0.8846153616905212
vt 0.53125 0.9230769276618958
vt 0.53125 0.9615384340286255
vt 0.53125 1
vt 0.5625 0
vt 0.5625 0.03846153989434242
vt 0.5625 0.07692307978868484
vt 0.5625 0.11538461595773697
vt 0.5625 0.1538461595773697
vt 0.5625 0.19230769574642181
vt 0.5625 0.23076923191547394
vt 0.5625 0.26923078298568726
vt 0.5625 0.3076923191547394
vt 0.5625 0.3461538553237915
vt 0.5625 0.38461539149284363
vt 0.5625 0.42307692766189575
vt 0.5625 0.4615384638309479
vt 0.5625 0.5
vt 0.5625 0.5384615659713745
vt 0.5625 0.5769230723381042
vt 0.5625 0.6153846383094788
vt 0.5625 0.6538461446762085
vt 0.5625 0.692307710647583
vt 0.5625 0.7307692170143127
vt 0.5625 0.7692307829856873
vt 0.5625 0.807692289352417
vt 0.5625 0.8461538553237915
vt 0.5625 0.8846153616905212
vt 0.5625 0.9230769276618958
vt 0.5625 0.9615384340286255
vt 0.5625 1
vt 0.59375 0
vt 0.59375 0.03846153989434242
vt 0.59375 0.07692307978868484
vt 0.59375 0.11538461595773697
vt 0.59375 0.1538461595773697
vt 0.59375 0.19230769574642181
vt 0.59375 0.23076923191547394
vt 0.59375 0.26923078298568726
vt 0.59375 0.3076923191547394
vt 0.59375 0.3461538553237915
vt 0.59375 0.38461539149284363
vt 0.59375 0.42307692766189575
vt 0.59375 0.4615384638309479
vt 0.59375 0.5
vt 0.59375 0.5384615659713745
vt 0.59375 0.5769230723381042
vt 0.59375 0.6153846383094788
vt 0.59375 0.6538461446762085
vt 0.59375 0.692307710647583
vt 0.59375 0.7307692170143127
vt 0.59375 0.7692307829856873
vt 0.59375 0.807692289352417
vt 0.59375 0.8461538553237915
vt 0.59375 0.8846153616905212
vt 0.59375 0.9230769276618958
vt 0.59375 0.9615384340286255
vt 0.59375 1
vt 0.625 0
vt 0.625 0.03846153989434242
vt 0.625 0.07692307978868484
vt 0.625 0.11538461595773697
vt 0.625 0.1538461595773697
vt 0.625 0.19230769574642181
vt 0.625 0.23076923191547394
vt 0.625 0.26923078298568726
vt 0.625 0.3076923191547394
vt 0.625 0.3461538553237915
vt 0.625 0.38461539149284363
vt 0.625 0.42307692766189575
vt 0.625 0.4615384638309479
vt 0.625 0.5
vt 0.625 0.5384615659713745
vt 0.625 0.5769230723381042
vt 0.625 0.6153846383094788
vt 0.625 0.6538461446762085
vt 0.625 0.692307710647583
vt 0.625 0.7307692170143127
vt 0.625 0.7692307829856873
vt 0.625 0.807692289352417
vt 0.625 0.8461538553237915
vt 0.625 0.8846153616905212
vt 0.625 0.9230769276618958
vt 0.625 0.9615384340286255
vt 0.625 1
vt 0.65625 0
vt 0.65625 0.03846153989434242
vt 0.65625 0.07692307978868484
vt 0.65625 0.11538461595773697
vt 0.65625 0.1538461595773697
vt 0.65625 0.19230769574642181
vt 0.65625 0.23076923191547394
vt 0.65625 0.26923078298568726
vt 0.65625 0.3076923191547394
vt 0.65625 0.3461538553237915
vt 0.65625 0.38461539149284363
vt 0.65625 0.42307692766189575
vt 0.65625 0.4615384638309479
vt 0.65625 0.5
vt 0.65625 0.5384615659713745
vt 0.65625 0.5769230723381042
vt 0.65625 0.6153846383094788
vt 0.65625 0.6538461446762085
vt 0.65625 0.692307710647583
vt 0.65625 0.7307692170143127
vt 0.65625 0.7692307829856873
vt 0.65625 0.807692289352417
vt 0.65625 0.8461538553237915
vt 0.65625 0.8846153616905212
vt 0.65625 0.9230769276618958
vt 0.65625 0.9615384340286255
vt 0.65625 1
vt 0.6875 0
vt 0.6875 0.03846153989434242
vt 0.6875 0.07692307978868484
vt 0.6875 0.11538461595773697
vt 0.6875 0.1538461595773697
vt 0.6875 0.19230769574642181
vt 0.6875 0.23076923191547394
vt 0.6875 0.26923078298568726
vt 0.6875 0.3076923191547394
vt 0.6875 0.3461538553237915
vt 0.6875 0.38461539149284363
vt 0.6875 0.42307692766189575
vt 0.6875 0.4615384638309479
vt 0.6875 0.5
vt 0.6875 0.5384615659713745
vt 0.6875 0.5769230723381042
vt 0.6875 0.6153846383094788
vt 0.6875 0.6538461446762085
vt 0.6875 0.692307710647583
vt 0.6875 0.7307692170143127
vt 0.6875 0.7692307829856873
vt 0.6875 0.807692289352417
vt 0.6875 0.8461538553237915
vt 0.6875 0.8846153616905212
vt 0.6875 0.9230769276618958
vt 0.6875 0.9615384340286255
vt 0.6875 1
vt 0.71875 0
vt 0.71875 0.03846153989434242
vt 0.71875 0.07692307978868484
vt 0.71875 0.11538461595773697
vt 0.71875 0.1538461595773697
vt 0.71875 0.19230769574642181
vt 0.71875 0.23076923191547394
vt 0.71875 0.26923078298568726
vt 0.71875 0.3076923191547394
vt 0.71875 0.3461538553237915
vt 0.71875 0.38461539149284363
vt 0.71875 0.42307692766189575
vt 0.71875 0.4615384638309479
vt 0.71875 0.5
vt 0.71875 0.5384615659713745
vt 0.71875 0.5769230723381042
vt 0.71875 0.6153846383094788
vt 0.71875 0.6538461446762085
vt 0.71875 0.692307710647583
vt 0.71875 0.7307692170143127
vt 0.71875 0.7692307829856873
vt 0.71875 0.807692289352417
vt 0.71875 0.8461538553237915
vt 0.71875 0.8846153616905212
vt 0.71875 0.9230769276618958
vt 0.71875 0.9615384340286255
vt 0.71875 1
vt 0.75 0
vt 0.75 0.03846153989434242
vt 0.75 0.07692307978868484
vt 0.75 0.11538461595773697
vt 0.75 0.1538461595773697
vt 0.75 0.19230769574642181
vt 0.75 0.23076923191547394
vt 0.75 0.26923078298568726
vt 0.75 0.3076923191547394
vt 0.75 0.3461538553237915
vt 0.75 0.38461539149284363
vt 0.75 0.42307692766189575
vt 0.75 0.4615384638309479
vt 0.75 0.5
vt 0.75 0.5384615659713745
vt 0.75 0.5769230723381042
vt 0.75 0.6153846383094788
vt 0.75 0.6538461446762085
vt 0.75 0.692307710647583
vt 0.75 0.7307692170143127
vt 0.75 0.7692307829856873
vt 0.75 0.807692289352417
vt 0.75 0.8461538553237915
vt 0.75 0.8846153616905212
vt 0.75 0.9230769276618958
vt 0.75 0.9615384340286255
vt 0.75 1
vt 0.78125 0
vt 0.78125 0.03846153989434242
vt 0.78125 0.07692307978868484
vt 0.78125 0.11538461595773697
vt 0.78125 0.1538461595773697
vt 0.78125 0.19230769574642181
vt 0.78125 0.23076923191547394
vt 0.78125 0.26923078298568726
vt 0.78125 0.3076923191547394
vt 0.78125 0.3461538553237915
vt 0.78125 0.38461539149284363
vt 0.78125 0.42307692766189575
vt 0.78125 0.4615384638309479
vt 0.78125 0.5
vt 0.78125 0.5384615659713745
vt 0.78125 0.5769230723381042
vt 0.78125 0.6153846383094788
vt 0.78125 0.6538461446762085
vt 0.78125 0.692307710647583
vt 0.78125 0.7307692170143127
vt 0.78125 0.7692307829856873
vt 0.78125 0.807692289352417
vt 0.78125 0.8461538553237915
vt 0.78125 0.8846153616905212
vt 0.78125 0.9230769276618958
vt 0.78125 0.9615384340286255
vt 0.78125 1
vt 0.8125 0
vt 0.8125 0.03846153989434242
vt 0.8125 0.07692307978868484
vt 0.8125 0.11538461595773697
vt 0.8125 0.1538461595773697
vt 0.8125 0.19230769574642181
vt 0.8125 0.23076923191547394
vt 0.8125 0.26923078298568726
vt 0.8125 0.3076923191547394
vt 0.8125 0.3461538553237915
vt 0.8125 0.38461539149284363
vt 0.8125 0.42307692766189575
vt 0.8125 0.4615384638309479
vt 0.8125 0.5
vt 0.8125 0.5384615659713745
vt 0.8125 0.5769230723381042
vt 0.8125 0.6153846383094788
vt 0.8125 0.6538461446762085
vt 0.8125 0.692307710647583
vt 0.8125 0.7307692170143127
vt 0.8125 0.7692307829856873
vt 0.8125 0.807692289352417
vt 0.8125 0.8461538553237915
vt 0.8125 0.8846153616905212
vt 0.8125 0.9230769276618958
vt 0.8125 0.9615384340286255
vt 0.8125 1
vt 0.84375 0
vt 0.84375 0.03846153989434242
vt 0.84375 0.07692307978868484
vt 0.84375 0.11538461595773697
vt 0.84375 0.1538461595773697
vt 0.84375 0.19230769574642181
vt 0.84375 0.23076923191547394
vt 0.84375 0.26923078298568726
vt 0.84375 0.3076923191547394
vt 0.84375 0.3461538553237915
vt 0.84375 0.38461539149284363
vt 0.84375 0.42307692766189575
vt 0.84375 0.4615384638309479
vt 0.84375 0.5
vt 0.84375 0.5384615659713745
vt 0.84375 0.5769230723381042
vt 0.84375 0.6153846383094788
vt 0.84375 0.6538461446762085
vt 0.84375 0.692307710647583
vt 0.84375 0.7307692170143127
vt 0.84375 0.7692307829856873
vt 0.84375 0.807692289352417
vt 0.84375 0.8461538553237915
vt 0.84375 0.8846153616905212
vt 0.84375 0.9230769276618958
vt 0.84375 0.9615384340286255
vt 0.84375 1
vt 0.875 0
vt 0.875 0.03846153989434242
vt 0.875 0.07692307978868484
vt 0.875 0.11538461595773697
vt 0.875 0.1538461595773697
vt 0.875 0.19230769574642181
vt 0.875 0.23076923191547394
vt 0.875 0.26923078298568726
vt 0.875 0.3076923191547394
vt 0.875 0.3461538553237915
vt 0.875 0.38461539149284363
vt 0.875 0.42307692766189575
vt 0.875 0.4615384638309479
vt 0.875 0.5
vt 0.875 0.5384615659713745
vt 0.875 0.5769230723381042
vt 0.875 0.6153846383094788
vt 0.875 0.6538461446762085
vt 0.875 0.692307710647583
vt 0.875 0.7307692170143127
vt 0.875 0.7692307829856873
vt 0.875 0.807692289352417
vt 0.875 0.8461538553237915
vt 0.875 0.8846153616905212
vt 0.875 0.9230769276618958
vt 0.875 0.9615384340286255
vt 0.875 1
vt 0.90625 0
vt 0.90625 0.03846153989434242
vt 0.90625 0.07692307978868484
vt 0.90625 0.11538461595773697
vt 0.90625 0.1538461595773697
vt 0.90625 0.19230769574642181
vt 0.90625 0.23076923191547394
vt 0.90625 0.26923078298568726
vt 0.90625 0.3076923191547394
vt 0.90625 0.3461538553237915
vt 0.90625 0.38461539149284363
vt 0.90625 0.42307692766189575
vt 0.90625 0.4615384638309479
vt 0.90625 0.5
vt 0.90625 0.5384615659713745
vt 0.90625 0.5769230723381042
vt 0.90625 0.6153846383094788
vt 0.90625 0.6538461446762085
vt 0.90625 0.692307710647583
vt 0.90625 0.7307692170143127
vt 0.90625 0.7692307829856873
vt 0.90625 0.807692289352417
vt 0.90625 0.8461538553237915
vt 0.90625 0.8846153616905212
vt 0.90625 0.9230769276618958
vt 0.90625 0.9615384340286255
vt 0.90625 1
vt 0.9375 0
vt 0.9375 0.03846153989434242
vt 0.9375 0.07692307978868484
vt 0.9375 0.11538461595773697
vt 0.9375 0.1538461595773697
vt 0.9375 0.19230769574642181
vt 0.9375 0.23076923191547394
vt 0.9375 0.26923078298568726
vt 0.9375 0.3076923191547394
vt 0.9375 0.3461538553237915
vt 0.9375 0.38461539149284363
vt 0.9375 0.42307692766189575
vt 0.9375 0.4615384638309479
vt 0.9375 0.5
vt 0.9375 0.5384615659713745
vt 0.9375 0.5769230723381042
vt 0.9375 0.6153846383094788
vt 0.9375 0.6538461446762085
vt 0.9375 0.692307710647583
vt 0.9375 0.7307692170143127
vt 0.9375 0.7692307829856873
vt 0.9375 0.807692289352417
vt 0.9375 0.8461538553237915
vt 0.9375 0.8846153616905212
vt 0.9375 0.9230769276618958
vt 0.9375 0.9615384340286255
vt 0.9375 1
vt 0.96875 0
vt 0.96875 0.03846153989434242
vt 0.96875 0.07692307978868484
vt 0.96875 0.11538461595773697
vt 0.96875 0.1538461595773697
vt 0.96875 0.19230769574642181
vt 0.96875 0.23076923191547394
vt 0.96875 0.26923078298568726
vt 0.96875 0.3076923191547394
vt 0.96875 0.3461538553237915
vt 0.96875 0.38461539149284363
vt 0.96875 0.42307692766189575
vt 0.96875 0.4615384638309479
vt 0.96875 0.5
vt 0.96875 0.5384615659713745
vt 0.96875 0.5769230723381042
vt 0.96875 0.6153846383094788
vt 0.96875 0.6538461446762085
vt 0.96875 0.692307710647583
vt 0.96875 0.7307692170143127
vt 0.96875 0.7692307829856873
vt 0.96875 0.807692289352417
vt 0.96875 0.8461538553237915
vt 0.96875 0.8846153616905212
vt 0.96875 0.9230769276618958
vt 0.96875 0.9615384340286255
vt 0.96875 1
vt 1 0
vt 1 0.03846153989434242
vt 1 0.07692307978868484
vt 1 0.11538461595773697
vt 1 0.1538461595773697
vt 1 0.19230769574642181
vt 1 0.23076923191547394
vt 1 0.26923078298568726
vt 1 0.3076923191547394
vt 1 0.3461538553237915
vt 1 0.38461539149284363
vt 1 0.42307692766189575
vt 1 0.4615384638309479
vt 1 0.5
vt 1 0.5384615659713745
vt 1 0.5769230723381042
vt 1 0.6153846383094788
vt 1 0.6538461446762085
vt 1 0.692307710647583
vt 1 0.7307692170143127
vt 1 0.7692307829856873
vt 1 0.807692289352417
vt 1 0.8461538553237915
vt 1 0.8846153616905212
vt 1 0.9230769276618958
vt 1 0.9615384340286255
vt 1 1
vn 0 -1 0
vn 0 -0.9806039466901095 0.19599974422376343
vn 0 -0.3033655605879812 0.9528742501763492
vn 0 -0.05304501492398931 0.9985921221358166
vn 0 0.019907493376464778 0.999801826217309
vn 0 -0.030411900442017154 0.999537451180047
vn 0 -0.027649115613783772 0.9996176901224666
vn 0 0.015111147767429887 0.9998858200880493
vn 0 0.014270645193660069 0.9998981691581182
vn 0 0.0034463937208526817 0.9999940611675256
vn 0 0.0029635001553824938 0.9999956088237733
vn 0 0.0005993407098493903 0.9999998203953407
vn 0 -0.0012654717684501338 0.999999199290281
vn 0 -0.007251613717943173 0.9999737067035743
vn 0 -0.010300415541750176 0.999946949312646
vn 0 -0.011454821748588846 0.9999343913771084
vn 0 -0.013765323317690894 0.9999052534485252
vn 0 -0.01062502896560024 0.9999435527865962
vn 0 -0.011467981905295235 0.9999342405333561
vn 0 -0.017155505671358307 0.9998528334835882
vn 0 -0.015133708403649446 0.999885478877433
vn 0 -0.011266006331251046 0.9999365365368664
vn 0 0.012708945230198582 0.9999192380943253
vn 0 0.20069767273191663 0.9796532264837352
vn 0 0.25025579153785976 0.9681797554182586
vn 0 0.9792962357944852 0.2024324147925723
vn 0 1 0
vn 0 -1 0
vn 0.03823765415311386 -0.9806039456546793 0.19223366919283869
vn 0.18589654075020592 -0.30336555039217483 0.9345650426654958
vn 0.19481566618044707 -0.053045015971891644 0.9794044529668071
vn 0.19505165057580173 0.019907492675040626 0.9805909164085952
vn 0.1950000860380563 -0.030411901542549837 0.980331618734047
vn 0.19501573912912779 -0.027649115169105048 0.9804103161035614
vn 0.1950680428780139 0.015111147149313558 0.9806732951801905
vn 0.19507045898509803 0.01427064545994235 0.9806854055758657
vn 0.19508915892217782 0.003446393602597479 0.980779456576336
vn 0.19508946241387592 0.00296350014288375 0.9807809741843325
vn 0.19509028841596507 0.0005993406935239948 0.9807851039634057
vn 0.19509016369159238 -0.0012654718265747448 0.980784495499314
vn 0.19508519574043717 -0.007251613701043308 0.9807594916704331
vn 0.19507996252822338 -0.010300415311897813 0.9807332510241454
vn 0.19507752262240152 -0.011454821507491247 0.9807209323919512
vn 0.1950718368288279 -0.013765323362743498 0.9806923545888111
vn 0.19507930787382274 -0.010625028772814075 0.9807299181747476
vn 0.1950774987391824 -0.011467982374693066 0.9807207833353577
vn 0.19506160804892375 -0.01715550562005173 0.9806409422884038
vn 0.19506798740130663 -0.015133708758522798 0.9806729583048653
vn 0.1950779433044596 -0.011266006300187814 0.9807230358965502
vn 0.1950745680369844 0.012708944866137998 0.9807060699442893
vn 0.19112086795577835 0.20069768059258206 0.960829461890396
vn 0.18888250262649328 0.2502557969014177 0.9495764510131814
vn 0.03949260451986648 0.9792962354102869 0.1985427346932581
vn 0 1 0
vn 0 -1 0
vn 0.07500585995280418 -0.9806039440054002 0.18108016449571304
vn 0.36464918595517026 -0.3033655661707726 0.8803410159955732
vn 0.3821446638890135 -0.05304501635559215 0.9225788216195882
vn 0.3826076017787755 0.019907492766798093 0.923696440825033
vn 0.3825064271369563 -0.03041190071297389 0.9234521912334958
vn 0.3825371189279132 -0.027649115220784642 0.9235263283035517
vn 0.38263972926944007 0.015111147162749888 0.9237740474899886
vn 0.3826444746462249 0.01427064557150021 0.9237854484119606
vn 0.3826811698451957 0.003446393724470797 0.9238740415317492
vn 0.38268176510288626 0.0029635001585037097 0.9238754701389955
vn 0.38268335960071354 0.0005993406994598705 0.9238793682486025
vn 0.3826831291453336 -0.0012654718045572906 0.9238787914270183
vn 0.382673379372799 -0.0072516137092356716 0.9238552369381331
vn 0.38266313460470514 -0.010300415671539193 0.9238305184672646
vn 0.3826583216402872 -0.011454821236590189 0.9238189194587196
vn 0.38264718246123136 -0.013765322829886668 0.9237919947920474
vn 0.3826618113634495 -0.01062502875800415 0.9238273902022691
vn 0.38265827625595084 -0.011467982181687573 0.9238187749756468
vn 0.38262710977060815 -0.01715550616597687 0.9237435701950949
vn 0.3826396233760165 -0.015133708978380078 0.9237737220094637
vn 0.38265913395589135 -0.011266006059848782 0.9238209048877314
vn 0.3826525145983814 0.012708944982800478 0.9238049230161961
vn 0.37489706030562114 0.20069767402350988 0.9050815641784759
vn 0.37050634011778344 0.25025578920748015 0.8944814653757039
vn 0.07746753314744152 0.979296235006866 0.18702316810873318
vn 0 1 0
vn 0 -1 0
vn 0.10889163005600787 -0.9806039457022072 0.16296783295180758
vn 0.5293885554552786 -0.3033655632634206 0.792285991532629
vn 0.5547880475450462 -0.053045015257135855 0.8302990115961392
vn 0.5554601431460604 0.019907492719066406 0.8313048304381482
vn 0.5553132330245084 -0.03041190114214659 0.831085031447919
vn 0.5553578240901212 -0.02764911628161084 0.8311517392093527
vn 0.5555068308346005 0.015111146641299894 0.831374653296144
vn 0.5555136670862233 0.014270645235023518 0.8313849375379571
vn 0.5555668996766807 0.003446393834141474 0.831464696997522
vn 0.5555677994075412 0.0029635000889065236 0.8314659571676312
vn 0.5555701218195643 0.0005993407062667815 0.8314694705953505
vn 0.5555697773127787 -0.0012654718224837424 0.8314689537906366
vn 0.5555556503057754 -0.007251613886373489 0.831447733480205
vn 0.5555407529915777 -0.010300415799849251 0.8314255067051415
vn 0.555533773345675 -0.01145482170032832 0.8314150670586442
vn 0.5555175967451846 -0.013765322551033111 0.8313908320408161
vn 0.5555388826493413 -0.010625028789654148 0.8314226714661684
vn 0.5555337034007596 -0.011467982006330495 0.8314149323740458
vn 0.5554884781629307 -0.017155506054866567 0.831347243479061
vn 0.5555065865624815 -0.015133708702742972 0.8313744061171241
vn 0.5555349632636829 -0.011266006246524367 0.831416851943038
vn 0.5555253540445327 0.012708945006600577 0.831402467960323
vn 0.5442661654380244 0.20069767576593162 0.8145518915953374
vn 0.5378918603193853 0.2502557912593159 0.805012040620092
vn 0.11246542220164776 0.9792962363929761 0.16831639906900725
vn 0 1 0
vn 0 -1 0
vn 0.1385927515883724 -0.9806039457468685 0.1385927515883724
vn 0.6737838438921762 -0.3033655607015519 0.6737838438921762
vn 0.706111261144534 -0.053045016445950666 0.706111261144534
vn 0.7069666511592292 0.019907493498913218 0.7069666511592292
vn 0.7067797097763294 -0.03041190058143294 0.7067797097763294
vn 0.7068364472878248 -0.02764911519474683 0.7068364472878248
vn 0.7070260438048829 0.01511114698598039 0.7070260438048829
vn 0.7070347759020787 0.014270645752541474 0.7070347759020787
vn 0.707102581798192 0.003446393573377497 0.707102581798192
vn 0.7071036761561245 0.002963500124689073 0.7071036761561245
vn 0.7071066541868732 0.0005993407139774869 0.7071066541868732
vn 0.7071062149992745 -0.0012654717695854663 0.7071062149992745
vn 0.7070881890171886 -0.0072516139434580535 0.7070881890171886
vn 0.7070692686865443 -0.010300415435824752 0.7070692686865443
vn 0.7070603888869111 -0.011454821438145244 0.7070603888869111
vn 0.7070397852585985 -0.013765323205438856 0.7070397852585985
vn 0.7070668669820445 -0.010625028583109927 0.7070668669820445
vn 0.707060282219685 -0.011467982160724992 0.707060282219685
vn 0.7070027187385772 -0.017155506186656524 0.7070027187385772
vn 0.7070258025361915 -0.015133707282364765 0.7070258025361915
vn 0.7070619057403921 -0.0112660064587904 0.7070619057403921
vn 0.7070496738946772 0.012708945308763347 0.7070496738946772
vn 0.6927194400949033 0.20069766971543848 0.6927194400949033
vn 0.684606471537516 0.25025578566319834 0.684606471537516
vn 0.14314133342642887 0.9792962357375872 0.14314133342642887
vn 0 1 0
vn 0 -1 0
vn 0.16296783295180758 -0.9806039457022072 0.10889163005600787
vn 0.792285991532629 -0.3033655632634206 0.5293885554552786
vn 0.8302990115961392 -0.053045015257135855 0.5547880475450462
vn 0.8313048304381482 0.019907492719066406 0.5554601431460604
vn 0.831085031447919 -0.03041190114214659 0.5553132330245084
vn 0.8311517392093527 -0.02764911628161084 0.5553578240901212
vn 0.831374653296144 0.015111146641299894 0.5555068308346005
vn 0.8313849375379571 0.014270645235023518 0.5555136670862233
vn 0.831464696997522 0.003446393834141474 0.5555668996766807
vn 0.8314659571676312 0.0029635000889065236 0.5555677994075412
vn 0.8314694705953504 0.0005993407062667814 0.5555701218195642
vn 0.8314689537906366 -0.0012654718224837424 0.5555697773127787
vn 0.831447733480205 -0.007251613886373489 0.5555556503057754
vn 0.8314255067051415 -0.010300415799849251 0.5555407529915777
vn 0.8314150670586442 -0.01145482170032832 0.555533773345675
vn 0.8313908320408161 -0.013765322551033111 0.5555175967451846
vn 0.8314226714661687 -0.01062502878965415 0.5555388826493414
vn 0.8314149323740458 -0.011467982006330495 0.5555337034007596
vn 0.831347243479061 -0.017155506054866567 0.5554884781629307
vn 0.8313744061171241 -0.015133708702742972 0.5555065865624815
vn 0.831416851943038 -0.011266006246524367 0.5555349632636829
vn 0.831402467960323 0.012708945006600577 0.5555253540445327
vn 0.8145518915953374 0.20069767576593162 0.5442661654380244
vn 0.805012040620092 0.2502557912593159 0.5378918603193853
vn 0.16831639906900725 0.9792962363929761 0.11246542220164776
vn 0 1 0
vn 0 -1 0
vn 0.18108016449571304 -0.9806039440054002 0.07500585995280418
vn 0.8803410159955732 -0.3033655661707726 0.36464918595517026
vn 0.9225788216195882 -0.05304501635559215 0.3821446638890135
vn 0.923696440825033 0.019907492766798093 0.3826076017787755
vn 0.9234521912334958 -0.03041190071297389 0.3825064271369563
vn 0.9235263283035517 -0.027649115220784642 0.3825371189279132
vn 0.9237740474899886 0.015111147162749888 0.38263972926944007
vn 0.9237854484119606 0.01427064557150021 0.3826444746462249
vn 0.9238740415317492 0.003446393724470797 0.3826811698451957
vn 0.9238754701389953 0.0029635001585037093 0.38268176510288615
vn 0.9238793682486025 0.0005993406994598705 0.38268335960071354
vn 0.9238787914270183 -0.0012654718045572906 0.3826831291453336
vn 0.9238552369381331 -0.0072516137092356716 0.382673379372799
vn 0.9238305184672646 -0.010300415671539193 0.38266313460470514
vn 0.9238189194587196 -0.011454821236590189 0.3826583216402872
vn 0.9237919947920474 -0.013765322829886668 0.38264718246123136
vn 0.9238273902022691 -0.01062502875800415 0.3826618113634495
vn 0.9238187749756468 -0.011467982181687573 0.38265827625595084
vn 0.9237435701950949 -0.01715550616597687 0.38262710977060815
vn 0.9237737220094637 -0.015133708978380078 0.3826396233760165
vn 0.9238209048877314 -0.011266006059848782 0.38265913395589135
vn 0.9238049230161961 0.012708944982800478 0.3826525145983814
vn 0.9050815641784759 0.20069767402350988 0.37489706030562114
vn 0.8944814653757039 0.25025578920748015 0.37050634011778344
vn 0.18702316810873318 0.979296235006866 0.07746753314744152
vn 0 1 0
vn 0 -1 0
vn 0.19223366919283869 -0.9806039456546793 0.03823765415311386
vn 0.9345650426654958 -0.30336555039217483 0.18589654075020592
vn 0.9794044529668071 -0.053045015971891644 0.19481566618044707
vn 0.9805909164085952 0.019907492675040626 0.19505165057580173
vn 0.980331618734047 -0.030411901542549837 0.1950000860380563
vn 0.9804103161035614 -0.027649115169105048 0.19501573912912779
vn 0.9806732951801905 0.015111147149313558 0.1950680428780139
vn 0.9806854055758655 0.014270645459942347 0.195070458985098
vn 0.980779456576336 0.003446393602597479 0.19508915892217782
vn 0.9807809741843325 0.00296350014288375 0.19508946241387592
vn 0.9807851039634057 0.0005993406935239948 0.19509028841596507
vn 0.980784495499314 -0.0012654718265747448 0.19509016369159238
vn 0.9807594916704331 -0.007251613701043308 0.19508519574043717
vn 0.9807332510241454 -0.010300415311897813 0.19507996252822338
vn 0.9807209323919512 -0.011454821507491247 0.19507752262240152
vn 0.9806923545888111 -0.013765323362743498 0.1950718368288279
vn 0.9807299181747476 -0.010625028772814075 0.19507930787382274
vn 0.9807207833353577 -0.011467982374693066 0.1950774987391824
vn 0.9806409422884038 -0.01715550562005173 0.19506160804892375
vn 0.9806729583048653 -0.015133708758522798 0.19506798740130663
vn 0.9807230358965502 -0.011266006300187814 0.1950779433044596
vn 0.9807060699442893 0.012708944866137998 0.1950745680369844
vn 0.960829461890396 0.20069768059258206 0.19112086795577835
vn 0.9495764510131814 0.2502557969014177 0.18888250262649328
vn 0.1985427346932581 0.9792962354102869 0.03949260451986648
vn 0 1 0
vn 0 -1 0
vn 0.19599974422376343 -0.9806039466901095 1.2001523139141792e-17
vn 0.9528742501763492 -0.3033655605879812 5.834672017718385e-17
vn 0.9985921221358166 -0.05304501492398931 6.114612956791245e-17
vn 0.999801826217309 0.019907493376464778 6.12202069493528e-17
vn 0.999537451180047 -0.030411900442017154 6.120401893782044e-17
vn 0.9996176901224666 -0.027649115613783772 6.120892976103703e-17
vn 0.9998858200880493 0.015111147767429887 6.12253493730804e-17
vn 0.9998981691581182 0.014270645193660069 6.122610078002639e-17
vn 0.9999940611675256 0.0034463937208526817 6.123197999436713e-17
vn 0.9999956088237733 0.0029635001553824938 6.123207251218049e-17
vn 0.9999998203953407 0.0005993407098493903 6.123232934595065e-17
vn 0.999999199290281 -0.0012654717684501338 6.123228810688388e-17
vn 0.9999737067035743 -0.007251613717943173 6.123072750439289e-17
vn 0.999946949312646 -0.010300415541750176 6.122909330745527e-17
vn 0.9999343913771084 -0.011454821748588846 6.122832682549385e-17
vn 0.9999052534485252 -0.013765323317690894 6.122654065070744e-17
vn 0.9999435527865962 -0.01062502896560024 6.12288816066974e-17
vn 0.9999342405333561 -0.011467981905295235 6.122831165355184e-17
vn 0.9998528334835882 -0.017155505671358307 6.122332950713253e-17
vn 0.999885478877433 -0.015133708403649446 6.12253268762806e-17
vn 0.9999365365368664 -0.011266006331251046 6.122845251975106e-17
vn 0.9999192380943253 0.012708945230198582 6.122739292669544e-17
vn 0.9796532264837352 0.20069767273191663 5.99864556438014e-17
vn 0.9681797554182586 0.25025579153785976 5.928390834495308e-17
vn 0.2024324147925723 0.9792962357944852 1.2395410198815498e-17
vn 0 1 0
vn 0 -1 0
vn 0.19223366919283869 -0.9806039456546793 -0.03823765415311386
vn 0.9345650426654958 -0.30336555039217483 -0.18589654075020592
vn 0.9794044529668071 -0.053045015971891644 -0.19481566618044707
vn 0.9805909164085952 0.019907492675040626 -0.19505165057580173
vn 0.980331618734047 -0.030411901542549837 -0.1950000860380563
vn 0.9804103161035614 -0.027649115169105048 -0.19501573912912779
vn 0.9806732951801905 0.015111147149313558 -0.1950680428780139
vn 0.9806854055758655 0.014270645459942347 -0.195070458985098
vn 0.980779456576336 0.003446393602597479 -0.19508915892217782
vn 0.9807809741843325 0.00296350014288375 -0.19508946241387592
vn 0.9807851039634057 0.0005993406935239948 -0.19509028841596507
vn 0.980784495499314 -0.0012654718265747448 -0.19509016369159238
vn 0.9807594916704331 -0.007251613701043308 -0.19508519574043717
vn 0.9807332510241454 -0.010300415311897813 -0.19507996252822338
vn 0.9807209323919512 -0.011454821507491247 -0.19507752262240152
vn 0.9806923545888111 -0.013765323362743498 -0.1950718368288279
vn 0.9807299181747476 -0.010625028772814075 -0.19507930787382274
vn 0.9807207833353577 -0.011467982374693066 -0.1950774987391824
vn 0.9806409422884038 -0.01715550562005173 -0.19506160804892375
vn 0.9806729583048653 -0.015133708758522798 -0.19506798740130663
vn 0.9807230358965502 -0.011266006300187814 -0.1950779433044596
vn 0.9807060699442893 0.012708944866137998 -0.1950745680369844
vn 0.960829461890396 0.20069768059258206 -0.19112086795577835
vn 0.9495764510131814 0.2502557969014177 -0.18888250262649328
vn 0.1985427346932581 0.9792962354102869 -0.03949260451986648
vn 0 1 0
vn 0 -1 0
vn 0.18108016449571304 -0.9806039440054002 -0.07500585995280418
vn 0.8803410159955732 -0.3033655661707726 -0.36464918595517026
vn 0.9225788216195882 -0.05304501635559215 -0.3821446638890135
vn 0.923696440825033 0.019907492766798093 -0.3826076017787755
vn 0.9234521912334958 -0.03041190071297389 -0.3825064271369563
vn 0.9235263283035517 -0.027649115220784642 -0.3825371189279132
vn 0.9237740474899886 0.015111147162749888 -0.38263972926944007
vn 0.9237854484119606 0.01427064557150021 -0.3826444746462249
vn 0.9238740415317492 0.003446393724470797 -0.3826811698451957
vn 0.9238754701389953 0.0029635001585037093 -0.38268176510288615
vn 0.9238793682486025 0.0005993406994598705 -0.38268335960071354
vn 0.9238787914270183 -0.0012654718045572906 -0.3826831291453336
vn 0.9238552369381331 -0.0072516137092356716 -0.382673379372799
vn 0.9238305184672646 -0.010300415671539193 -0.38266313460470514
vn 0.9238189194587196 -0.011454821236590189 -0.3826583216402872
vn 0.9237919947920474 -0.013765322829886668 -0.38264718246123136
vn 0.9238273902022691 -0.01062502875800415 -0.3826618113634495
vn 0.9238187749756468 -0.011467982181687573 -0.38265827625595084
vn 0.9237435701950949 -0.01715550616597687 -0.38262710977060815
vn 0.9237737220094637 -0.015133708978380078 -0.3826396233760165
vn 0.9238209048877314 -0.011266006059848782 -0.38265913395589135
vn 0.9238049230161961 0.012708944982800478 -0.3826525145983814
vn 0.9050815641784759 0.20069767402350988 -0.37489706030562114
vn 0.8944814653757039 0.25025578920748015 -0.37050634011778344
vn 0.18702316810873318 0.979296235006866 -0.07746753314744152
vn 0 1 0
vn 0 -1 0
vn 0.16296783295180758 -0.9806039457022072 -0.10889163005600787
vn 0.792285991532629 -0.3033655632634206 -0.5293885554552786
vn 0.8302990115961392 -0.053045015257135855 -0.5547880475450462
vn 0.8313048304381482 0.019907492719066406 -0.5554601431460604
vn 0.831085031447919 -0.03041190114214659 -0.5553132330245084
vn 0.8311517392093527 -0.02764911628161084 -0.5553578240901212
vn 0.831374653296144 0.015111146641299894 -0.5555068308346005
vn 0.8313849375379571 0.014270645235023518 -0.5555136670862233
vn 0.831464696997522 0.003446393834141474 -0.5555668996766807
vn 0.8314659571676312 0.0029635000889065236 -0.5555677994075412
vn 0.8314694705953504 0.0005993407062667814 -0.5555701218195642
vn 0.8314689537906366 -0.0012654718224837424 -0.5555697773127787
vn 0.831447733480205 -0.007251613886373489 -0.5555556503057754
vn 0.8314255067051415 -0.010300415799849251 -0.5555407529915777
vn 0.8314150670586442 -0.01145482170032832 -0.555533773345675
vn 0.8313908320408161 -0.013765322551033111 -0.5555175967451846
vn 0.8314226714661687 -0.01062502878965415 -0.5555388826493414
vn 0.8314149323740458 -0.011467982006330495 -0.5555337034007596
vn 0.831347243479061 -0.017155506054866567 -0.5554884781629307
vn 0.8313744061171241 -0.015133708702742972 -0.5555065865624815
vn 0.831416851943038 -0.011266006246524367 -0.5555349632636829
vn 0.831402467960323 0.012708945006600577 -0.5555253540445327
vn 0.8145518915953374 0.20069767576593162 -0.5442661654380244
vn 0.805012040620092 0.2502557912593159 -0.5378918603193853
vn 0.16831639906900725 0.9792962363929761 -0.11246542220164776
vn 0 1 0
vn 0 -1 0
vn 0.1385927515883724 -0.9806039457468685 -0.1385927515883724
vn 0.6737838438921762 -0.3033655607015519 -0.6737838438921762
vn 0.706111261144534 -0.053045016445950666 -0.706111261144534
vn 0.7069666511592292 0.019907493498913218 -0.7069666511592292
vn 0.7067797097763294 -0.03041190058143294 -0.7067797097763294
vn 0.7068364472878248 -0.02764911519474683 -0.7068364472878248
vn 0.7070260438048829 0.01511114698598039 -0.7070260438048829
vn 0.7070347759020787 0.014270645752541474 -0.7070347759020787
vn 0.707102581798192 0.003446393573377497 -0.707102581798192
vn 0.7071036761561245 0.002963500124689073 -0.7071036761561245
vn 0.7071066541868732 0.0005993407139774869 -0.7071066541868732
vn 0.7071062149992745 -0.0012654717695854663 -0.7071062149992745
vn 0.7070881890171886 -0.0072516139434580535 -0.7070881890171886
vn 0.7070692686865443 -0.010300415435824752 -0.7070692686865443
vn 0.7070603888869111 -0.011454821438145244 -0.7070603888869111
vn 0.7070397852585985 -0.013765323205438856 -0.7070397852585985
vn 0.7070668669820445 -0.010625028583109927 -0.7070668669820445
vn 0.707060282219685 -0.011467982160724992 -0.707060282219685
vn 0.7070027187385772 -0.017155506186656524 -0.7070027187385772
vn 0.7070258025361915 -0.015133707282364765 -0.7070258025361915
vn 0.7070619057403921 -0.0112660064587904 -0.7070619057403921
vn 0.7070496738946772 0.012708945308763347 -0.7070496738946772
vn 0.6927194400949033 0.20069766971543848 -0.6927194400949033
vn 0.684606471537516 0.25025578566319834 -0.684606471537516
vn 0.14314133342642887 0.9792962357375872 -0.14314133342642887
vn 0 1 0
vn 0 -1 0
vn 0.10889163005600787 -0.9806039457022072 -0.16296783295180758
vn 0.5293885554552786 -0.3033655632634206 -0.792285991532629
vn 0.5547880475450462 -0.053045015257135855 -0.8302990115961392
vn 0.5554601431460604 0.019907492719066406 -0.8313048304381482
vn 0.5553132330245084 -0.03041190114214659 -0.831085031447919
vn 0.5553578240901212 -0.02764911628161084 -0.8311517392093527
vn 0.5555068308346005 0.015111146641299894 -0.831374653296144
vn 0.5555136670862233 0.014270645235023518 -0.8313849375379571
vn 0.5555668996766807 0.003446393834141474 -0.831464696997522
vn 0.5555677994075412 0.0029635000889065236 -0.8314659571676312
vn 0.5555701218195643 0.0005993407062667815 -0.8314694705953505
vn 0.5555697773127787 -0.0012654718224837424 -0.8314689537906366
vn 0.5555556503057754 -0.007251613886373489 -0.831447733480205
vn 0.5555407529915777 -0.010300415799849251 -0.8314255067051415
vn 0.555533773345675 -0.01145482170032832 -0.8314150670586442
vn 0.5555175967451846 -0.013765322551033111 -0.8313908320408161
vn 0.5555388826493413 -0.010625028789654148 -0.8314226714661684
vn 0.5555337034007596 -0.011467982006330495 -0.8314149323740458
vn 0.5554884781629307 -0.017155506054866567 -0.831347243479061
vn 0.5555065865624815 -0.015133708702742972 -0.8313744061171241
vn 0.5555349632636829 -0.011266006246524367 -0.831416851943038
vn 0.5555253540445327 0.012708945006600577 -0.831402467960323
vn 0.5442661654380244 0.20069767576593162 -0.8145518915953374
vn 0.5378918603193853 0.2502557912593159 -0.805012040620092
vn 0.11246542220164776 0.9792962363929761 -0.16831639906900725
vn 0 1 0
vn 0 -1 0
vn 0.07500585995280418 -0.9806039440054002 -0.18108016449571304
vn 0.36464918595517026 -0.3033655661707726 -0.8803410159955732
vn 0.3821446638890135 -0.05304501635559215 -0.9225788216195882
vn 0.3826076017787755 0.019907492766798093 -0.923696440825033
vn 0.3825064271369563 -0.03041190071297389 -0.9234521912334958
vn 0.3825371189279132 -0.027649115220784642 -0.9235263283035517
vn 0.38263972926944007 0.015111147162749888 -0.9237740474899886
vn 0.3826444746462249 0.01427064557150021 -0.9237854484119606
vn 0.3826811698451957 0.003446393724470797 -0.9238740415317492
vn 0.38268176510288626 0.0029635001585037097 -0.9238754701389955
vn 0.38268335960071354 0.0005993406994598705 -0.9238793682486025
vn 0.3826831291453336 -0.0012654718045572906 -0.9238787914270183
vn 0.382673379372799 -0.0072516137092356716 -0.9238552369381331
vn 0.38266313460470514 -0.010300415671539193 -0.9238305184672646
vn 0.3826583216402872 -0.011454821236590189 -0.9238189194587196
vn 0.38264718246123136 -0.013765322829886668 -0.9237919947920474
vn 0.3826618113634495 -0.01062502875800415 -0.9238273902022691
vn 0.38265827625595084 -0.011467982181687573 -0.9238187749756468
vn 0.38262710977060815 -0.01715550616597687 -0.9237435701950949
vn 0.3826396233760165 -0.015133708978380078 -0.9237737220094637
vn 0.38265913395589135 -0.011266006059848782 -0.9238209048877314
vn 0.3826525145983814 0.012708944982800478 -0.9238049230161961
vn 0.37489706030562114 0.20069767402350988 -0.9050815641784759
vn 0.37050634011778344 0.25025578920748015 -0.8944814653757039
vn 0.07746753314744152 0.979296235006866 -0.18702316810873318
vn 0 1 0
vn 0 -1 0
vn 0.03823765415311386 -0.9806039456546793 -0.19223366919283869
vn 0.18589654075020592 -0.30336555039217483 -0.9345650426654958
vn 0.19481566618044707 -0.053045015971891644 -0.9794044529668071
vn 0.19505165057580173 0.019907492675040626 -0.9805909164085952
vn 0.1950000860380563 -0.030411901542549837 -0.980331618734047
vn 0.19501573912912779 -0.027649115169105048 -0.9804103161035614
vn 0.1950680428780139 0.015111147149313558 -0.9806732951801905
vn 0.19507045898509803 0.01427064545994235 -0.9806854055758657
vn 0.19508915892217782 0.003446393602597479 -0.980779456576336
vn 0.19508946241387592 0.00296350014288375 -0.9807809741843325
vn 0.19509028841596507 0.0005993406935239948 -0.9807851039634057
vn 0.19509016369159238 -0.0012654718265747448 -0.980784495499314
vn 0.19508519574043717 -0.007251613701043308 -0.9807594916704331
vn 0.19507996252822338 -0.010300415311897813 -0.9807332510241454
vn 0.19507752262240152 -0.011454821507491247 -0.9807209323919512
vn 0.1950718368288279 -0.013765323362743498 -0.9806923545888111
vn 0.19507930787382274 -0.010625028772814075 -0.9807299181747476
vn 0.1950774987391824 -0.011467982374693066 -0.9807207833353577
vn 0.19506160804892375 -0.01715550562005173 -0.9806409422884038
vn 0.19506798740130663 -0.015133708758522798 -0.9806729583048653
vn 0.1950779433044596 -0.011266006300187814 -0.9807230358965502
vn 0.1950745680369844 0.012708944866137998 -0.9807060699442893
vn 0.19112086795577835 0.20069768059258206 -0.960829461890396
vn 0.18888250262649328 0.2502557969014177 -0.9495764510131814
vn 0.03949260451986648 0.9792962354102869 -0.1985427346932581
vn 0 1 0
vn 0 -1 0
vn 2.4003046278283583e-17 -0.9806039466901095 -0.19599974422376343
vn 1.166934403543677e-16 -0.3033655605879812 -0.9528742501763492
vn 1.222922591358249e-16 -0.05304501492398931 -0.9985921221358166
vn 1.224404138987056e-16 0.019907493376464778 -0.999801826217309
vn 1.2240803787564088e-16 -0.030411900442017154 -0.999537451180047
vn 1.2241785952207406e-16 -0.027649115613783772 -0.9996176901224666
vn 1.224506987461608e-16 0.015111147767429887 -0.9998858200880493
vn 1.2245220156005278e-16 0.014270645193660069 -0.9998981691581182
vn 1.2246395998873425e-16 0.0034463937208526817 -0.9999940611675256
vn 1.2246414502436098e-16 0.0029635001553824938 -0.9999956088237733
vn 1.224646586919013e-16 0.0005993407098493903 -0.9999998203953407
vn 1.2246457621376775e-16 -0.0012654717684501338 -0.999999199290281
vn 1.2246145500878577e-16 -0.007251613717943173 -0.9999737067035743
vn 1.2245818661491054e-16 -0.010300415541750176 -0.999946949312646
vn 1.224566536509877e-16 -0.011454821748588846 -0.9999343913771084
vn 1.2245308130141488e-16 -0.013765323317690894 -0.9999052534485252
vn 1.224577632133948e-16 -0.01062502896560024 -0.9999435527865962
vn 1.2245662330710367e-16 -0.011467981905295235 -0.9999342405333561
vn 1.2244665901426506e-16 -0.017155505671358307 -0.9998528334835882
vn 1.224506537525612e-16 -0.015133708403649446 -0.999885478877433
vn 1.2245690503950212e-16 -0.011266006331251046 -0.9999365365368664
vn 1.2245478585339089e-16 0.012708945230198582 -0.9999192380943253
vn 1.199729112876028e-16 0.20069767273191663 -0.9796532264837352
vn 1.1856781668990616e-16 0.25025579153785976 -0.9681797554182586
vn 2.4790820397630995e-17 0.9792962357944852 -0.2024324147925723
vn 0 1 0
vn 0 -1 0
vn -0.03823765415311386 -0.9806039456546793 -0.19223366919283869
vn -0.18589654075020592 -0.30336555039217483 -0.9345650426654958
vn -0.19481566618044707 -0.053045015971891644 -0.9794044529668071
vn -0.19505165057580173 0.019907492675040626 -0.9805909164085952
vn -0.1950000860380563 -0.030411901542549837 -0.980331618734047
vn -0.19501573912912779 -0.027649115169105048 -0.9804103161035614
vn -0.1950680428780139 0.015111147149313558 -0.9806732951801905
vn -0.19507045898509803 0.01427064545994235 -0.9806854055758657
vn -0.19508915892217782 0.003446393602597479 -0.980779456576336
vn -0.19508946241387592 0.00296350014288375 -0.9807809741843325
vn -0.19509028841596507 0.0005993406935239948 -0.9807851039634057
vn -0.19509016369159238 -0.0012654718265747448 -0.980784495499314
vn -0.19508519574043717 -0.007251613701043308 -0.9807594916704331
vn -0.19507996252822338 -0.010300415311897813 -0.9807332510241454
vn -0.19507752262240152 -0.011454821507491247 -0.9807209323919512
vn -0.1950718368288279 -0.013765323362743498 -0.9806923545888111
vn -0.19507930787382274 -0.010625028772814075 -0.9807299181747476
vn -0.1950774987391824 -0.011467982374693066 -0.9807207833353577
vn -0.19506160804892375 -0.01715550562005173 -0.9806409422884038
vn -0.19506798740130663 -0.015133708758522798 -0.9806729583048653
vn -0.1950779433044596 -0.011266006300187814 -0.9807230358965502
vn -0.1950745680369844 0.012708944866137998 -0.9807060699442893
vn -0.19112086795577835 0.20069768059258206 -0.960829461890396
vn -0.18888250262649328 0.2502557969014177 -0.9495764510131814
vn -0.03949260451986648 0.9792962354102869 -0.1985427346932581
vn 0 1 0
vn 0 -1 0
vn -0.07500585995280418 -0.9806039440054002 -0.18108016449571304
vn -0.36464918595517026 -0.3033655661707726 -0.8803410159955732
vn -0.3821446638890135 -0.05304501635559215 -0.9225788216195882
vn -0.3826076017787755 0.019907492766798093 -0.923696440825033
vn -0.3825064271369563 -0.03041190071297389 -0.9234521912334958
vn -0.3825371189279132 -0.027649115220784642 -0.9235263283035517
vn -0.38263972926944007 0.015111147162749888 -0.9237740474899886
vn -0.3826444746462249 0.01427064557150021 -0.9237854484119606
vn -0.3826811698451957 0.003446393724470797 -0.9238740415317492
vn -0.38268176510288626 0.0029635001585037097 -0.9238754701389955
vn -0.38268335960071354 0.0005993406994598705 -0.9238793682486025
vn -0.3826831291453336 -0.0012654718045572906 -0.9238787914270183
vn -0.382673379372799 -0.0072516137092356716 -0.9238552369381331
vn -0.38266313460470514 -0.010300415671539193 -0.9238305184672646
vn -0.3826583216402872 -0.011454821236590189 -0.9238189194587196
vn -0.38264718246123136 -0.013765322829886668 -0.9237919947920474
vn -0.3826618113634495 -0.01062502875800415 -0.9238273902022691
vn -0.38265827625595084 -0.011467982181687573 -0.9238187749756468
vn -0.38262710977060815 -0.01715550616597687 -0.9237435701950949
vn -0.3826396233760165 -0.015133708978380078 -0.9237737220094637
vn -0.38265913395589135 -0.011266006059848782 -0.9238209048877314
vn -0.3826525145983814 0.012708944982800478 -0.9238049230161961
vn -0.37489706030562114 0.20069767402350988 -0.9050815641784759
vn -0.37050634011778344 0.25025578920748015 -0.8944814653757039
vn -0.07746753314744152 0.979296235006866 -0.18702316810873318
vn 0 1 0
vn 0 -1 0
vn -0.10889163005600787 -0.9806039457022072 -0.16296783295180758
vn -0.5293885554552786 -0.3033655632634206 -0.792285991532629
vn -0.5547880475450462 -0.053045015257135855 -0.8302990115961392
vn -0.5554601431460604 0.019907492719066406 -0.8313048304381482
vn -0.5553132330245084 -0.03041190114214659 -0.831085031447919
vn -0.5553578240901212 -0.02764911628161084 -0.8311517392093527
vn -0.5555068308346005 0.015111146641299894 -0.831374653296144
vn -0.5555136670862233 0.014270645235023518 -0.8313849375379571
vn -0.5555668996766807 0.003446393834141474 -0.831464696997522
vn -0.5555677994075412 0.0029635000889065236 -0.8314659571676312
vn -0.5555701218195643 0.0005993407062667815 -0.8314694705953505
vn -0.5555697773127787 -0.0012654718224837424 -0.8314689537906366
vn -0.5555556503057754 -0.007251613886373489 -0.831447733480205
vn -0.5555407529915777 -0.010300415799849251 -0.8314255067051415
vn -0.555533773345675 -0.01145482170032832 -0.8314150670586442
vn -0.5555175967451846 -0.013765322551033111 -0.8313908320408161
vn -0.5555388826493413 -0.010625028789654148 -0.8314226714661684
vn -0.5555337034007596 -0.011467982006330495 -0.8314149323740458
vn -0.5554884781629307 -0.017155506054866567 -0.831347243479061
vn -0.5555065865624815 -0.015133708702742972 -0.8313744061171241
vn -0.5555349632636829 -0.011266006246524367 -0.831416851943038
vn -0.5555253540445327 0.012708945006600577 -0.831402467960323
vn -0.5442661654380244 0.20069767576593162 -0.8145518915953374
vn -0.5378918603193853 0.2502557912593159 -0.805012040620092
vn -0.11246542220164776 0.9792962363929761 -0.16831639906900725
vn 0 1 0
vn 0 -1 0
vn -0.1385927515883724 -0.9806039457468685 -0.1385927515883724
vn -0.6737838438921762 -0.3033655607015519 -0.6737838438921762
vn -0.706111261144534 -0.053045016445950666 -0.706111261144534
vn -0.7069666511592292 0.019907493498913218 -0.7069666511592292
vn -0.7067797097763294 -0.03041190058143294 -0.7067797097763294
vn -0.7068364472878248 -0.02764911519474683 -0.7068364472878248
vn -0.7070260438048829 0.01511114698598039 -0.7070260438048829
vn -0.7070347759020787 0.014270645752541474 -0.7070347759020787
vn -0.707102581798192 0.003446393573377497 -0.707102581798192
vn -0.7071036761561245 0.002963500124689073 -0.7071036761561245
vn -0.7071066541868732 0.0005993407139774869 -0.7071066541868732
vn -0.7071062149992745 -0.0012654717695854663 -0.7071062149992745
vn -0.7070881890171886 -0.0072516139434580535 -0.7070881890171886
vn -0.7070692686865443 -0.010300415435824752 -0.7070692686865443
vn -0.7070603888869111 -0.011454821438145244 -0.7070603888869111
vn -0.7070397852585985 -0.013765323205438856 -0.7070397852585985
vn -0.7070668669820445 -0.010625028583109927 -0.7070668669820445
vn -0.707060282219685 -0.011467982160724992 -0.707060282219685
vn -0.7070027187385772 -0.017155506186656524 -0.7070027187385772
vn -0.7070258025361915 -0.015133707282364765 -0.7070258025361915
vn -0.7070619057403921 -0.0112660064587904 -0.7070619057403921
vn -0.7070496738946772 0.012708945308763347 -0.7070496738946772
vn -0.6927194400949033 0.20069766971543848 -0.6927194400949033
vn -0.684606471537516 0.25025578566319834 -0.684606471537516
vn -0.14314133342642887 0.9792962357375872 -0.14314133342642887
vn 0 1 0
vn 0 -1 0
vn -0.16296783295180758 -0.9806039457022072 -0.10889163005600787
vn -0.792285991532629 -0.3033655632634206 -0.5293885554552786
vn -0.8302990115961392 -0.053045015257135855 -0.5547880475450462
vn -0.8313048304381482 0.019907492719066406 -0.5554601431460604
vn -0.831085031447919 -0.03041190114214659 -0.5553132330245084
vn -0.8311517392093527 -0.02764911628161084 -0.5553578240901212
vn -0.831374653296144 0.015111146641299894 -0.5555068308346005
vn -0.8313849375379571 0.014270645235023518 -0.5555136670862233
vn -0.831464696997522 0.003446393834141474 -0.5555668996766807
vn -0.8314659571676312 0.0029635000889065236 -0.5555677994075412
vn -0.8314694705953504 0.0005993407062667814 -0.5555701218195642
vn -0.8314689537906366 -0.0012654718224837424 -0.5555697773127787
vn -0.831447733480205 -0.007251613886373489 -0.5555556503057754
vn -0.8314255067051415 -0.010300415799849251 -0.5555407529915777
vn -0.8314150670586442 -0.01145482170032832 -0.555533773345675
vn -0.8313908320408161 -0.013765322551033111 -0.5555175967451846
vn -0.8314226714661687 -0.01062502878965415 -0.5555388826493414
vn -0.8314149323740458 -0.011467982006330495 -0.5555337034007596
vn -0.831347243479061 -0.017155506054866567 -0.5554884781629307
vn -0.8313744061171241 -0.015133708702742972 -0.5555065865624815
vn -0.831416851943038 -0.011266006246524367 -0.5555349632636829
vn -0.831402467960323 0.012708945006600577 -0.5555253540445327
vn -0.8145518915953374 0.20069767576593162 -0.5442661654380244
vn -0.805012040620092 0.2502557912593159 -0.5378918603193853
vn -0.16831639906900725 0.9792962363929761 -0.11246542220164776
vn 0 1 0
vn 0 -1 0
vn -0.18108016449571304 -0.9806039440054002 -0.07500585995280418
vn -0.8803410159955732 -0.3033655661707726 -0.36464918595517026
vn -0.9225788216195882 -0.05304501635559215 -0.3821446638890135
vn -0.923696440825033 0.019907492766798093 -0.3826076017787755
vn -0.9234521912334958 -0.03041190071297389 -0.3825064271369563
vn -0.9235263283035517 -0.027649115220784642 -0.3825371189279132
vn -0.9237740474899886 0.015111147162749888 -0.38263972926944007
vn -0.9237854484119606 0.01427064557150021 -0.3826444746462249
vn -0.9238740415317492 0.003446393724470797 -0.3826811698451957
vn -0.9238754701389953 0.0029635001585037093 -0.38268176510288615
vn -0.9238793682486025 0.0005993406994598705 -0.38268335960071354
vn -0.9238787914270183 -0.0012654718045572906 -0.3826831291453336
vn -0.9238552369381331 -0.0072516137092356716 -0.382673379372799
vn -0.9238305184672646 -0.010300415671539193 -0.38266313460470514
vn -0.9238189194587196 -0.011454821236590189 -0.3826583216402872
vn -0.9237919947920474 -0.013765322829886668 -0.38264718246123136
vn -0.9238273902022691 -0.01062502875800415 -0.3826618113634495
vn -0.9238187749756468 -0.011467982181687573 -0.38265827625595084
vn -0.9237435701950949 -0.01715550616597687 -0.38262710977060815
vn -0.9237737220094637 -0.015133708978380078 -0.3826396233760165
vn -0.9238209048877314 -0.011266006059848782 -0.38265913395589135
vn -0.9238049230161961 0.012708944982800478 -0.3826525145983814
vn -0.9050815641784759 0.20069767402350988 -0.37489706030562114
vn -0.8944814653757039 0.25025578920748015 -0.37050634011778344
vn -0.18702316810873318 0.979296235006866 -0.07746753314744152
vn 0 1 0
vn 0 -1 0
vn -0.19223366919283869 -0.9806039456546793 -0.03823765415311386
vn -0.9345650426654958 -0.30336555039217483 -0.18589654075020592
vn -0.9794044529668071 -0.053045015971891644 -0.19481566618044707
vn -0.9805909164085952 0.019907492675040626 -0.19505165057580173
vn -0.980331618734047 -0.030411901542549837 -0.1950000860380563
vn -0.9804103161035614 -0.027649115169105048 -0.19501573912912779
vn -0.9806732951801905 0.015111147149313558 -0.1950680428780139
vn -0.9806854055758655 0.014270645459942347 -0.195070458985098
vn -0.980779456576336 0.003446393602597479 -0.19508915892217782
vn -0.9807809741843325 0.00296350014288375 -0.19508946241387592
vn -0.9807851039634057 0.0005993406935239948 -0.19509028841596507
vn -0.980784495499314 -0.0012654718265747448 -0.19509016369159238
vn -0.9807594916704331 -0.007251613701043308 -0.19508519574043717
vn -0.9807332510241454 -0.010300415311897813 -0.19507996252822338
vn -0.9807209323919512 -0.011454821507491247 -0.19507752262240152
vn -0.9806923545888111 -0.013765323362743498 -0.1950718368288279
vn -0.9807299181747476 -0.010625028772814075 -0.19507930787382274
vn -0.9807207833353577 -0.011467982374693066 -0.1950774987391824
vn -0.9806409422884038 -0.01715550562005173 -0.19506160804892375
vn -0.9806729583048653 -0.015133708758522798 -0.19506798740130663
vn -0.9807230358965502 -0.011266006300187814 -0.1950779433044596
vn -0.9807060699442893 0.012708944866137998 -0.1950745680369844
vn -0.960829461890396 0.20069768059258206 -0.19112086795577835
vn -0.9495764510131814 0.2502557969014177 -0.18888250262649328
vn -0.1985427346932581 0.9792962354102869 -0.03949260451986648
vn 0 1 0
vn 0 -1 0
vn -0.19599974422376343 -0.9806039466901095 -3.600456859024475e-17
vn -0.9528742501763492 -0.3033655605879812 -1.7504016714899654e-16
vn -0.9985921221358166 -0.05304501492398931 -1.8343838870373735e-16
vn -0.999801826217309 0.019907493376464778 -1.836606208480584e-16
vn -0.999537451180047 -0.030411900442017154 -1.8361204357857174e-16
vn -0.9996176901224666 -0.027649115613783772 -1.8362678928311111e-16
vn -0.9998858200880493 0.015111147767429887 -1.8367605473668627e-16
vn -0.9998981691581182 0.014270645193660069 -1.836783089575239e-16
vn -0.9999940611675256 0.0034463937208526817 -1.8369593336565632e-16
vn -0.9999956088237733 0.0029635001553824938 -1.8369621091909644e-16
vn -0.9999998203953407 0.0005993407098493903 -1.8369698803785198e-16
vn -0.999999199290281 -0.0012654717684501338 -1.8369686432065165e-16
vn -0.9999737067035743 -0.007251613717943173 -1.8369218251317867e-16
vn -0.999946949312646 -0.010300415541750176 -1.836872733049209e-16
vn -0.9999343913771084 -0.011454821748588846 -1.8368497385903658e-16
vn -0.9999052534485252 -0.013765323317690894 -1.8367961533467728e-16
vn -0.9999435527865962 -0.01062502896560024 -1.8368665143753708e-16
vn -0.9999342405333561 -0.011467981905295235 -1.8368494157810032e-16
vn -0.9998528334835882 -0.017155505671358307 -1.8366998852139759e-16
vn -0.999885478877433 -0.015133708403649446 -1.836759806288418e-16
vn -0.9999365365368664 -0.011266006331251046 -1.8368537079414317e-16
vn -0.9999192380943253 0.012708945230198582 -1.8368217878008633e-16
vn -0.9796532264837352 0.20069767273191663 -1.79959373548849e-16
vn -0.9681797554182586 0.25025579153785976 -1.778517316523041e-16
vn -0.2024324147925723 0.9792962357944852 -3.71862330779884e-17
vn 0 1 0
vn 0 -1 0
vn -0.19223366919283869 -0.9806039456546793 0.03823765415311386
vn -0.9345650426654958 -0.30336555039217483 0.18589654075020592
vn -0.9794044529668071 -0.053045015971891644 0.19481566618044707
vn -0.9805909164085952 0.019907492675040626 0.19505165057580173
vn -0.980331618734047 -0.030411901542549837 0.1950000860380563
vn -0.9804103161035614 -0.027649115169105048 0.19501573912912779
vn -0.9806732951801905 0.015111147149313558 0.1950680428780139
vn -0.9806854055758655 0.014270645459942347 0.195070458985098
vn -0.980779456576336 0.003446393602597479 0.19508915892217782
vn -0.9807809741843325 0.00296350014288375 0.19508946241387592
vn -0.9807851039634057 0.0005993406935239948 0.19509028841596507
vn -0.980784495499314 -0.0012654718265747448 0.19509016369159238
vn -0.9807594916704331 -0.007251613701043308 0.19508519574043717
vn -0.9807332510241454 -0.010300415311897813 0.19507996252822338
vn -0.9807209323919512 -0.011454821507491247 0.19507752262240152
vn -0.9806923545888111 -0.013765323362743498 0.1950718368288279
vn -0.9807299181747476 -0.010625028772814075 0.19507930787382274
vn -0.9807207833353577 -0.011467982374693066 0.1950774987391824
vn -0.9806409422884038 -0.01715550562005173 0.19506160804892375
vn -0.9806729583048653 -0.015133708758522798 0.19506798740130663
vn -0.9807230358965502 -0.011266006300187814 0.1950779433044596
vn -0.9807060699442893 0.012708944866137998 0.1950745680369844
vn -0.960829461890396 0.20069768059258206 0.19112086795577835
vn -0.9495764510131814 0.2502557969014177 0.18888250262649328
vn -0.1985427346932581 0.9792962354102869 0.03949260451986648
vn 0 1 0
vn 0 -1 0
vn -0.18108016449571304 -0.9806039440054002 0.07500585995280418
vn -0.8803410159955732 -0.3033655661707726 0.36464918595517026
vn -0.9225788216195882 -0.05304501635559215 0.3821446638890135
vn -0.923696440825033 0.019907492766798093 0.3826076017787755
vn -0.9234521912334958 -0.03041190071297389 0.3825064271369563
vn -0.9235263283035517 -0.027649115220784642 0.3825371189279132
vn -0.9237740474899886 0.015111147162749888 0.38263972926944007
vn -0.9237854484119606 0.01427064557150021 0.3826444746462249
vn -0.9238740415317492 0.003446393724470797 0.3826811698451957
vn -0.9238754701389953 0.0029635001585037093 0.38268176510288615
vn -0.9238793682486025 0.0005993406994598705 0.38268335960071354
vn -0.9238787914270183 -0.0012654718045572906 0.3826831291453336
vn -0.9238552369381331 -0.0072516137092356716 0.382673379372799
vn -0.9238305184672646 -0.010300415671539193 0.38266313460470514
vn -0.9238189194587196 -0.011454821236590189 0.3826583216402872
vn -0.9237919947920474 -0.013765322829886668 0.38264718246123136
vn -0.9238273902022691 -0.01062502875800415 0.3826618113634495
vn -0.9238187749756468 -0.011467982181687573 0.38265827625595084
vn -0.9237435701950949 -0.01715550616597687 0.38262710977060815
vn -0.9237737220094637 -0.015133708978380078 0.3826396233760165
vn -0.9238209048877314 -0.011266006059848782 0.38265913395589135
vn -0.9238049230161961 0.012708944982800478 0.3826525145983814
vn -0.9050815641784759 0.20069767402350988 0.37489706030562114
vn -0.8944814653757039 0.25025578920748015 0.37050634011778344
vn -0.18702316810873318 0.979296235006866 0.07746753314744152
vn 0 1 0
vn 0 -1 0
vn -0.16296783295180758 -0.9806039457022072 0.10889163005600787
vn -0.792285991532629 -0.3033655632634206 0.5293885554552786
vn -0.8302990115961392 -0.053045015257135855 0.5547880475450462
vn -0.8313048304381482 0.019907492719066406 0.5554601431460604
vn -0.831085031447919 -0.03041190114214659 0.5553132330245084
vn -0.8311517392093527 -0.02764911628161084 0.5553578240901212
vn -0.831374653296144 0.015111146641299894 0.5555068308346005
vn -0.8313849375379571 0.014270645235023518 0.5555136670862233
vn -0.831464696997522 0.003446393834141474 0.5555668996766807
vn -0.8314659571676312 0.0029635000889065236 0.5555677994075412
vn -0.8314694705953504 0.0005993407062667814 0.5555701218195642
vn -0.8314689537906366 -0.0012654718224837424 0.5555697773127787
vn -0.831447733480205 -0.007251613886373489 0.5555556503057754
vn -0.8314255067051415 -0.010300415799849251 0.5555407529915777
vn -0.8314150670586442 -0.01145482170032832 0.555533773345675
vn -0.8313908320408161 -0.013765322551033111 0.5555175967451846
vn -0.8314226714661687 -0.01062502878965415 0.5555388826493414
vn -0.8314149323740458 -0.011467982006330495 0.5555337034007596
vn -0.831347243479061 -0.017155506054866567 0.5554884781629307
vn -0.8313744061171241 -0.015133708702742972 0.5555065865624815
vn -0.831416851943038 -0.011266006246524367 0.5555349632636829
vn -0.831402467960323 0.012708945006600577 0.5555253540445327
vn -0.8145518915953374 0.20069767576593162 0.5442661654380244
vn -0.805012040620092 0.2502557912593159 0.5378918603193853
vn -0.16831639906900725 0.9792962363929761 0.11246542220164776
vn 0 1 0
vn 0 -1 0
vn -0.1385927515883724 -0.9806039457468685 0.1385927515883724
vn -0.6737838438921762 -0.3033655607015519 0.6737838438921762
vn -0.706111261144534 -0.053045016445950666 0.706111261144534
vn -0.7069666511592292 0.019907493498913218 0.7069666511592292
vn -0.7067797097763294 -0.03041190058143294 0.7067797097763294
vn -0.7068364472878248 -0.02764911519474683 0.7068364472878248
vn -0.7070260438048829 0.01511114698598039 0.7070260438048829
vn -0.7070347759020787 0.014270645752541474 0.7070347759020787
vn -0.707102581798192 0.003446393573377497 0.707102581798192
vn -0.7071036761561245 0.002963500124689073 0.7071036761561245
vn -0.7071066541868732 0.0005993407139774869 0.7071066541868732
vn -0.7071062149992745 -0.0012654717695854663 0.7071062149992745
vn -0.7070881890171886 -0.0072516139434580535 0.7070881890171886
vn -0.7070692686865443 -0.010300415435824752 0.7070692686865443
vn -0.7070603888869111 -0.011454821438145244 0.7070603888869111
vn -0.7070397852585985 -0.013765323205438856 0.7070397852585985
vn -0.7070668669820445 -0.010625028583109927 0.7070668669820445
vn -0.707060282219685 -0.011467982160724992 0.707060282219685
vn -0.7070027187385772 -0.017155506186656524 0.7070027187385772
vn -0.7070258025361915 -0.015133707282364765 0.7070258025361915
vn -0.7070619057403921 -0.0112660064587904 0.7070619057403921
vn -0.7070496738946772 0.012708945308763347 0.7070496738946772
vn -0.6927194400949033 0.20069766971543848 0.6927194400949033
vn -0.684606471537516 0.25025578566319834 0.684606471537516
vn -0.14314133342642887 0.9792962357375872 0.14314133342642887
vn 0 1 0
vn 0 -1 0
vn -0.10889163005600787 -0.9806039457022072 0.16296783295180758
vn -0.5293885554552786 -0.3033655632634206 0.792285991532629
vn -0.5547880475450462 -0.053045015257135855 0.8302990115961392
vn -0.5554601431460604 0.019907492719066406 0.8313048304381482
vn -0.5553132330245084 -0.03041190114214659 0.831085031447919
vn -0.5553578240901212 -0.02764911628161084 0.8311517392093527
vn -0.5555068308346005 0.015111146641299894 0.831374653296144
vn -0.5555136670862233 0.014270645235023518 0.8313849375379571
vn -0.5555668996766807 0.003446393834141474 0.831464696997522
vn -0.5555677994075412 0.0029635000889065236 0.8314659571676312
vn -0.5555701218195643 0.0005993407062667815 0.8314694705953505
vn -0.5555697773127787 -0.0012654718224837424 0.8314689537906366
vn -0.5555556503057754 -0.007251613886373489 0.831447733480205
vn -0.5555407529915777 -0.010300415799849251 0.8314255067051415
vn -0.555533773345675 -0.01145482170032832 0.8314150670586442
vn -0.5555175967451846 -0.013765322551033111 0.8313908320408161
vn -0.5555388826493413 -0.010625028789654148 0.8314226714661684
vn -0.5555337034007596 -0.011467982006330495 0.8314149323740458
vn -0.5554884781629307 -0.017155506054866567 0.831347243479061
vn -0.5555065865624815 -0.015133708702742972 0.8313744061171241
vn -0.5555349632636829 -0.011266006246524367 0.831416851943038
vn -0.5555253540445327 0.012708945006600577 0.831402467960323
vn -0.5442661654380244 0.20069767576593162 0.8145518915953374
vn -0.5378918603193853 0.2502557912593159 0.805012040620092
vn -0.11246542220164776 0.9792962363929761 0.16831639906900725
vn 0 1 0
vn 0 -1 0
vn -0.07500585995280418 -0.9806039440054002 0.18108016449571304
vn -0.36464918595517026 -0.3033655661707726 0.8803410159955732
vn -0.3821446638890135 -0.05304501635559215 0.9225788216195882
vn -0.3826076017787755 0.019907492766798093 0.923696440825033
vn -0.3825064271369563 -0.03041190071297389 0.9234521912334958
vn -0.3825371189279132 -0.027649115220784642 0.9235263283035517
vn -0.38263972926944007 0.015111147162749888 0.9237740474899886
vn -0.3826444746462249 0.01427064557150021 0.9237854484119606
vn -0.3826811698451957 0.003446393724470797 0.9238740415317492
vn -0.38268176510288626 0.0029635001585037097 0.9238754701389955
vn -0.38268335960071354 0.0005993406994598705 0.9238793682486025
vn -0.3826831291453336 -0.0012654718045572906 0.9238787914270183
vn -0.382673379372799 -0.0072516137092356716 0.9238552369381331
vn -0.38266313460470514 -0.010300415671539193 0.9238305184672646
vn -0.3826583216402872 -0.011454821236590189 0.9238189194587196
vn -0.38264718246123136 -0.013765322829886668 0.9237919947920474
vn -0.3826618113634495 -0.01062502875800415 0.9238273902022691
vn -0.38265827625595084 -0.011467982181687573 0.9238187749756468
vn -0.38262710977060815 -0.01715550616597687 0.9237435701950949
vn -0.3826396233760165 -0.015133708978380078 0.9237737220094637
vn -0.38265913395589135 -0.011266006059848782 0.9238209048877314
vn -0.3826525145983814 0.012708944982800478 0.9238049230161961
vn -0.37489706030562114 0.20069767402350988 0.9050815641784759
vn -0.37050634011778344 0.25025578920748015 0.8944814653757039
vn -0.07746753314744152 0.979296235006866 0.18702316810873318
vn 0 1 0
vn 0 -1 0
vn -0.03823765415311386 -0.9806039456546793 0.19223366919283869
vn -0.18589654075020592 -0.30336555039217483 0.9345650426654958
vn -0.19481566618044707 -0.053045015971891644 0.9794044529668071
vn -0.19505165057580173 0.019907492675040626 0.9805909164085952
vn -0.1950000860380563 -0.030411901542549837 0.980331618734047
vn -0.19501573912912779 -0.027649115169105048 0.9804103161035614
vn -0.1950680428780139 0.015111147149313558 0.9806732951801905
vn -0.19507045898509803 0.01427064545994235 0.9806854055758657
vn -0.19508915892217782 0.003446393602597479 0.980779456576336
vn -0.19508946241387592 0.00296350014288375 0.9807809741843325
vn -0.19509028841596507 0.0005993406935239948 0.9807851039634057
vn -0.19509016369159238 -0.0012654718265747448 0.980784495499314
vn -0.19508519574043717 -0.007251613701043308 0.9807594916704331
vn -0.19507996252822338 -0.010300415311897813 0.9807332510241454
vn -0.19507752262240152 -0.011454821507491247 0.9807209323919512
vn -0.1950718368288279 -0.013765323362743498 0.9806923545888111
vn -0.19507930787382274 -0.010625028772814075 0.9807299181747476
vn -0.1950774987391824 -0.011467982374693066 0.9807207833353577
vn -0.19506160804892375 -0.01715550562005173 0.9806409422884038
vn -0.19506798740130663 -0.015133708758522798 0.9806729583048653
vn -0.1950779433044596 -0.011266006300187814 0.9807230358965502
vn -0.1950745680369844 0.012708944866137998 0.9807060699442893
vn -0.19112086795577835 0.20069768059258206 0.960829461890396
vn -0.18888250262649328 0.2502557969014177 0.9495764510131814
vn -0.03949260451986648 0.9792962354102869 0.1985427346932581
vn 0 1 0
vn 0 -1 0
vn -4.8006092556567167e-17 -0.9806039466901095 0.19599974422376343
vn -2.333868807087354e-16 -0.3033655605879812 0.9528742501763492
vn -2.445845182716498e-16 -0.05304501492398931 0.9985921221358166
vn -2.448808277974112e-16 0.019907493376464778 0.999801826217309
vn -2.4481607575128176e-16 -0.030411900442017154 0.999537451180047
vn -2.448357190441481e-16 -0.027649115613783772 0.9996176901224666
vn -2.449013974923216e-16 0.015111147767429887 0.9998858200880493
vn -2.4490440312010555e-16 0.014270645193660069 0.9998981691581182
vn -2.449279199774685e-16 0.0034463937208526817 0.9999940611675256
vn -2.4492829004872195e-16 0.0029635001553824938 0.9999956088237733
vn -2.449293173838026e-16 0.0005993407098493903 0.9999998203953407
vn -2.449291524275355e-16 -0.0012654717684501338 0.999999199290281
vn -2.4492291001757154e-16 -0.007251613717943173 0.9999737067035743
vn -2.449163732298211e-16 -0.010300415541750176 0.999946949312646
vn -2.449133073019754e-16 -0.011454821748588846 0.9999343913771084
vn -2.4490616260282976e-16 -0.013765323317690894 0.9999052534485252
vn -2.449155264267896e-16 -0.01062502896560024 0.9999435527865962
vn -2.4491324661420734e-16 -0.011467981905295235 0.9999342405333561
vn -2.448933180285301e-16 -0.017155505671358307 0.9998528334835882
vn -2.449013075051224e-16 -0.015133708403649446 0.999885478877433
vn -2.4491381007900425e-16 -0.011266006331251046 0.9999365365368664
vn -2.4490957170678177e-16 0.012708945230198582 0.9999192380943253
vn -2.399458225752056e-16 0.20069767273191663 0.9796532264837352
vn -2.371356333798123e-16 0.25025579153785976 0.9681797554182586
vn -4.958164079526199e-17 0.9792962357944852 0.2024324147925723
vn 0 1 0
f 1/1/1 28/28/28 2/2/2
f 29/29/29 2/2/2 28/28/28
f 2/2/2 29/29/29 3/3/3
f 30/30/30 3/3/3 29/29/29
f 3/3/3 30/30/30 4/4/4
f 31/31/31 4/4/4 30/30/30
f 4/4/4 31/31/31 5/5/5
f 32/32/32 5/5/5 31/31/31
f 5/5/5 32/32/32 6/6/6
f 33/33/33 6/6/6 32/32/32
f 6/6/6 33/33/33 7/7/7
f 34/34/34 7/7/7 33/33/33
f 7/7/7 34/34/34 8/8/8
f 35/35/35 8/8/8 34/34/34
f 8/8/8 35/35/35 9/9/9
f 36/36/36 9/9/9 35/35/35
f 9/9/9 36/36/36 10/10/10
f 37/37/37 10/10/10 36/36/36
f 10/10/10 37/37/37 11/11/11
f 38/38/38 11/11/11 37/37/37
f 11/11/11 38/38/38 12/12/12
f 39/39/39 12/12/12 38/38/38
f 12/12/12 39/39/39 13/13/13
f 40/40/40 13/13/13 39/39/39
f 13/13/13 40/40/40 14/14/14
f 41/41/41 14/14/14 40/40/40
f 14/14/14 41/41/41 15/15/15
f 42/42/42 15/15/15 41/41/41
f 15/15/15 42/42/42 16/16/16
f 43/43/43 16/16/16 42/42/42
f 16/16/16 43/43/43 17/17/17
f 44/44/44 17/17/17 43/43/43
f 17/17/17 44/44/44 18/18/18
f 45/45/45 18/18/18 44/44/44
f 18/18/18 45/45/45 19/19/19
f 46/46/46 19/19/19 45/45/45
f 19/19/19 46/46/46 20/20/20
f 47/47/47 20/20/20 46/46/46
f 20/20/20 47/47/47 21/21/21
f 48/48/48 21/21/21 47/47/47
f 21/21/21 48/48/48 22/22/22
f 49/49/49 22/22/22 48/48/48
f 22/22/22 49/49/49 23/23/23
f 50/50/50 23/23/23 49/49/49
f 23/23/23 50/50/50 24/24/24
f 51/51/51 24/24/24 50/50/50
f 24/24/24 51/51/51 25/25/25
f 52/52/52 25/25/25 51/51/51
f 25/25/25 52/52/52 26/26/26
f 53/53/53 26/26/26 52/52/52
f 26/26/26 53/53/53 27/27/27
f 54/54/54 27/27/27 53/53/53
f 28/28/28 55/55/55 29/29/29
f 56/56/56 29/29/29 55/55/55
f 29/29/29 56/56/56 30/30/30
f 57/57/57 30/30/30 56/56/56
f 30/30/30 57/57/57 31/31/31
f 58/58/58 31/31/31 57/57/57
f 31/31/31 58/58/58 32/32/32
f 59/59/59 32/32/32 58/58/58
f 32/32/32 59/59/59 33/33/33
f 60/60/60 33/33/33 59/59/59
f 33/33/33 60/60/60 34/34/34
f 61/61/61 34/34/34 60/60/60
f 34/34/34 61/61/61 35/35/35
f 62/62/62 35/35/35 61/61/61
f 35/35/35 62/62/62 36/36/36
f 63/63/63 36/36/36 62/62/62
f 36/36/36 63/63/63 37/37/37
f 64/64/64 37/37/37 63/63/63
f 37/37/37 64/64/64 38/38/38
f 65/65/65 38/38/38 64/64/64
f 38/38/38 65/65/65 39/39/39
f 66/66/66 39/39/39 65/65/65
f 39/39/39 66/66/66 40/40/40
f 67/67/67 40/40/40 66/66/66
f 40/40/40 67/67/67 41/41/41
f 68/68/68 41/41/41 67/67/67
f 41/41/41 68/68/68 42/42/42
f 69/69/69 42/42/42 68/68/68
f 42/42/42 69/69/69 43/43/43
f 70/70/70 43/43/43 69/69/69
f 43/43/43 70/70/70 44/44/44
f 71/71/71 44/44/44 70/70/70
f 44/44/44 71/71/71 45/45/45
f 72/72/72 45/45/45 71/71/71
f 45/45/45 72/72/72 46/46/46
f 73/73/73 46/46/46 72/72/72
f 46/46/46 73/73/73 47/47/47
f 74/74/74 47/47/47 73/73/73
f 47/47/47 74/74/74 48/48/48
f 75/75/75 48/48/48 74/74/74
f 48/48/48 75/75/75 49/49/49
f 76/76/76 49/49/49 75/75/75
f 49/49/49 76/76/76 50/50/50
f 77/77/77 50/50/50 76/76/76
f 50/50/50 77/77/77 51/51/51
f 78/78/78 51/51/51 77/77/77
f 51/51/51 78/78/78 52/52/52
f 79/79/79 52/52/52 78/78/78
f 52/52/52 79/79/79 53/53/53
f 80/80/80 53/53/53 79/79/79
f 53/53/53 80/80/80 54/54/54
f 81/81/81 54/54/54 80/80/80
f 55/55/55 82/82/82 56/56/56
f 83/83/83 56/56/56 82/82/82
f 56/56/56 83/83/83 57/57/57
f 84/84/84 57/57/57 83/83/83
f 57/57/57 84/84/84 58/58/58
f 85/85/85 58/58/58 84/84/84
f 58/58/58 85/85/85 59/59/59
f 86/86/86 59/59/59 85/85/85
f 59/59/59 86/86/86 60/60/60
f 87/87/87 60/60/60 86/86/86
f 60/60/60 87/87/87 61/61/61
f 88/88/88 61/61/61 87/87/87
f 61/61/61 88/88/88 62/62/62
f 89/89/89 62/62/62 88/88/88
f 62/62/62 89/89/89 63/63/63
f 90/90/90 63/63/63 89/89/89
f 63/63/63 90/90/90 64/64/64
f 91/91/91 64/64/64 90/90/90
f 64/64/64 91/91/91 65/65/65
f 92/92/92 65/65/65 91/91/91
f 65/65/65 92/92/92 66/66/66
f 93/93/93 66/66/66 92/92/92
f 66/66/66 93/93/93 67/67/67
f 94/94/94 67/67/67 93/93/93
f 67/67/67 94/94/94 68/68/68
f 95/95/95 68/68/68 94/94/94
f 68/68/68 95/95/95 69/69/69
f 96/96/96 69/69/69 95/95/95
f 69/69/69 96/96/96 70/70/70
f 97/97/97 70/70/70 96/96/96
f 70/70/70 97/97/97 71/71/71
f 98/98/98 71/71/71 97/97/97
f 71/71/71 98/98/98 72/72/72
f 99/99/99 72/72/72 98/98/98
f 72/72/72 99/99/99 73/73/73
f 100/100/100 73/73/73 99/99/99
f 73/73/73 100/100/100 74/74/74
f 101/101/101 74/74/74 100/100/100
f 74/74/74 101/101/101 75/75/75
f 102/102/102 75/75/75 101/101/101
f 75/75/75 102/102/102 76/76/76
f 103/103/103 76/76/76 102/102/102
f 76/76/76 103/103/103 77/77/77
f 104/104/104 77/77/77 103/103/103
f 77/77/77 104/104/104 78/78/78
f 105/105/105 78/78/78 104/104/104
f 78/78/78 105/105/105 79/79/79
f 106/106/106 79/79/79 105/105/105
f 79/79/79 106/106/106 80/80/80
f 107/107/107 80/80/80 106/106/106
f 80/80/80 107/107/107 81/81/81
f 108/108/108 81/81/81 107/107/107
f 82/82/82 109/109/109 83/83/83
f 110/110/110 83/83/83 109/109/109
f 83/83/83 110/110/110 84/84/84
f 111/111/111 84/84/84 110/110/110
f 84/84/84 111/111/111 85/85/85
f 112/112/112 85/85/85 111/111/111
f 85/85/85 112/112/112 86/86/86
f 113/113/113 86/86/86 112/112/112
f 86/86/86 113/113/113 87/87/87
f 114/114/114 87/87/87 113/113/113
f 87/87/87 114/114/114 88/88/88
f 115/115/115 88/88/88 114/114/114
f 88/88/88 115/115/115 89/89/89
f 116/116/116 89/89/89 115/115/115
f 89/89/89 116/116/116 90/90/90
f 117/117/117 90/90/90 116/116/116
f 90/90/90 117/117/117 91/91/91
f 118/118/118 91/91/91 117/117/117
f 91/91/91 118/118/118 92/92/92
f 119/119/119 92/92/92 118/118/118
f 92/92/92 119/119/119 93/93/93
f 120/120/120 93/93/93 119/119/119
f 93/93/93 120/120/120 94/94/94
f 121/121/121 94/94/94 120/120/120
f 94/94/94 121/121/121 95/95/95
f 122/122/122 95/95/95 121/121/121
f 95/95/95 122/122/122 96/96/96
f 123/123/123 96/96/96 122/122/122
f 96/96/96 123/123/123 97/97/97
f 124/124/124 97/97/97 123/123/123
f 97/97/97 124/124/124 98/98/98
f 125/125/125 98/98/98 124/124/124
f 98/98/98 125/125/125 99/99/99
f 126/126/126 99/99/99 125/125/125
f 99/99/99 126/126/126 100/100/100
f 127/127/127 100/100/100 126/126/126
f 100/100/100 127/127/127 101/101/101
f 128/128/128 101/101/101 127/127/127
f 101/101/101 128/128/128 102/102/102
f 129/129/129 102/102/102 128/128/128
f 102/102/102 129/129/129 103/103/103
f 130/130/130 103/103/103 129/129/129
f 103/103/103 130/130/130 104/104/104
f 131/131/131 104/104/104 130/130/130
f 104/104/104 131/131/131 105/105/105
f 132/132/132 105/105/105 131/131/131
f 105/105/105 132/132/132 106/106/106
f 133/133/133 106/106/106 132/132/132
f 106/106/106 133/133/133 107/107/107
f 134/134/134 107/107/107 133/133/133
f 107/107/107 134/134/134 108/108/108
f 135/135/135 108/108/108 134/134/134
f 109/109/109 136/136/136 110/110/110
f 137/137/137 110/110/110 136/136/136
f 110/110/110 137/137/137 111/111/111
f 138/138/138 111/111/111 137/137/137
f 111/111/111 138/138/138 112/112/112
f 139/139/139 112/112/112 138/138/138
f 112/112/112 139/139/139 113/113/113
f 140/140/140 113/113/113 139/139/139
f 113/113/113 140/140/140 114/114/114
f 141/141/141 114/114/114 140/140/140
f 114/114/114 141/141/141 115/115/115
f 142/142/142 115/115/115 141/141/141
f 115/115/115 142/142/142 116/116/116
f 143/143/143 116/116/116 142/142/142
f 116/116/116 143/143/143 117/117/117
f 144/144/144 117/117/117 143/143/143
f 117/117/117 144/144/144 118/118/118
f 145/145/145 118/118/118 144/144/144
f 118/118/118 145/145/145 119/119/119
f 146/146/146 119/119/119 145/145/145
f 119/119/119 146/146/146 120/120/120
f 147/147/147 120/120/120 146/146/146
f 120/120/120 147/147/147 121/121/121
f 148/148/148 121/121/121 147/147/147
f 121/121/121 148/148/148 122/122/122
f 149/149/149 122/122/122 148/148/148
f 122/122/122 149/149/149 123/123/123
f 150/150/150 123/123/123 149/149/149
f 123/123/123 150/150/150 124/124/124
f 151/151/151 124/124/124 150/150/150
f 124/124/124 151/151/151 125/125/125
f 152/152/152 125/125/125 151/151/151
f 125/125/125 152/152/152 126/126/126
f 153/153/153 126/126/126 152/152/152
f 126/126/126 153/153/153 127/127/127
f 154/154/154 127/127/127 153/153/153
f 127/127/127 154/154/154 128/128/128
f 155/155/155 128/128/128 154/154/154
f 128/128/128 155/155/155 129/129/129
f 156/156/156 129/129/129 155/155/155
f 129/129/129 156/156/156 130/130/130
f 157/157/157 130/130/130 156/156/156
f 130/130/130 157/157/157 131/131/131
f 158/158/158 131/131/131 157/157/157
f 131/131/131 158/158/158 132/132/132
f 159/159/159 132/132/132 158/158/158
f 132/132/132 159/159/159 133/133/133
f 160/160/160 133/133/133 159/159/159
f 133/133/133 160/160/160 134/134/134
f 161/161/161 134/134/134 160/160/160
f 134/134/134 161/161/161 135/135/135
f 162/162/162 135/135/135 161/161/161
f 136/136/136 163/163/163 137/137/137
f 164/164/164 137/137/137 163/163/163
f 137/137/137 164/164/164 138/138/138
f 165/165/165 138/138/138 164/164/164
f 138/138/138 165/165/165 139/139/139
f 166/166/166 139/139/139 165/165/165
f 139/139/139 166/166/166 140/140/140
f 167/167/167 140/140/140 166/166/166
f 140/140/140 167/167/167 141/141/141
f 168/168/168 141/141/141 167/167/167
f 141/141/141 168/168/168 142/142/142
f 169/169/169 142/142/142 168/168/168
f 142/142/142 169/169/169 143/143/143
f 170/170/170 143/143/143 169/169/169
f 143/143/143 170/170/170 144/144/144
f 171/171/171 144/144/144 170/170/170
f 144/144/144 171/171/171 145/145/145
f 172/172/172 145/145/145 171/171/171
f 145/145/145 172/172/172 146/146/146
f 173/173/173 146/146/146 172/172/172
f 146/146/146 173/173/173 147/147/147
f 174/174/174 147/147/147 173/173/173
f 147/147/147 174/174/174 148/148/148
f 175/175/175 148/148/148 174/174/174
f 148/148/148 175/175/175 149/149/149
f 176/176/176 149/149/149 175/175/175
f 149/149/149 176/176/176 150/150/150
f 177/177/177 150/150/150 176/176/176
f 150/150/150 177/177/177 151/151/151
f 178/178/178 151/151/151 177/177/177
f 151/151/151 178/178/178 152/152/152
f 179/179/179 152/152/152 178/178/178
f 152/152/152 179/179/179 153/153/153
f 180/180/180 153/153/153 179/179/179
f 153/153/153 180/180/180 154/154/154
f 181/181/181 154/154/154 180/180/180
f 154/154/154 181/181/181 155/155/155
f 182/182/182 155/155/155 181/181/181
f 155/155/155 182/182/182 156/156/156
f 183/183/183 156/156/156 182/182/182
f 156/156/156 183/183/183 157/157/157
f 184/184/184 157/157/157 183/183/183
f 157/157/157 184/184/184 158/158/158
f 185/185/185 158/158/158 184/184/184
f 158/158/158 185/185/185 159/159/159
f 186/186/186 159/159/159 185/185/185
f 159/159/159 186/186/186 160/160/160
f 187/187/187 160/160/160 186/186/186
f 160/160/160 187/187/187 161/161/161
f 188/188/188 161/161/161 187/187/187
f 161/161/161 188/188/188 162/162/162
f 189/189/189 162/162/162 188/188/188
f 163/163/163 190/190/190 164/164/164
f 191/191/191 164/164/164 190/190/190
f 164/164/164 191/191/191 165/165/165
f 192/192/192 165/165/165 191/191/191
f 165/165/165 192/192/192 166/166/166
f 193/193/193 166/166/166 192/192/192
f 166/166/166 193/193/193 167/167/167
f 194/194/194 167/167/167 193/193/193
f 167/167/167 194/194/194 168/168/168
f 195/195/195 168/168/168 194/194/194
f 168/168/168 195/195/195 169/169/169
f 196/196/196 169/169/169 195/195/195
f 169/169/169 196/196/196 170/170/170
f 197/197/197 170/170/170 196/196/196
f 170/170/170 197/197/197 171/171/171
f 198/198/198 171/171/171 197/197/197
f 171/171/171 198/198/198 172/172/172
f 199/199/199 172/172/172 198/198/198
f 172/172/172 199/199/199 173/173/173
f 200/200/200 173/173/173 199/199/199
f 173/173/173 200/200/200 174/174/174
f 201/201/201 174/174/174 200/200/200
f 174/174/174 201/201/201 175/175/175
f 202/202/202 175/175/175 201/201/201
f 175/175/175 202/202/202 176/176/176
f 203/203/203 176/176/176 202/202/202
f 176/176/176 203/203/203 177/177/177
f 204/204/204 177/177/177 203/203/203
f 177/177/177 204/204/204 178/178/178
f 205/205/205 178/178/178 204/204/204
f 178/178/178 205/205/205 179/179/179
f 206/206/206 179/179/179 205/205/205
f 179/179/179 206/206/206 180/180/180
f 207/207/207 180/180/180 206/206/206
f 180/180/180 207/207/207 181/181/181
f 208/208/208 181/181/181 207/207/207
f 181/181/181 208/208/208 182/182/182
f 209/209/209 182/182/182 208/208/208
f 182/182/182 209/209/209 183/183/183
f 210/210/210 183/183/183 209/209/209
f 183/183/183 210/210/210 184/184/184
f 211/211/211 184/184/184 210/210/210
f 184/184/184 211/211/211 185/185/185
f 212/212/212 185/185/185 211/211/211
f 185/185/185 212/212/212 186/186/186
f 213/213/213 186/186/186 212/212/212
f 186/186/186 213/213/213 187/187/187
f 214/214/214 187/187/187 213/213/213
f 187/187/187 214/214/214 188/188/188
f 215/215/215 188/188/188 214/214/214
f 188/188/188 215/215/215 189/189/189
f 216/216/216 189/189/189 215/215/215
f 190/190/190 217/217/217 191/191/191
f 218/218/218 191/191/191 217/217/217
f 191/191/191 218/218/218 192/192/192
f 219/219/219 192/192/192 218/218/218
f 192/192/192 219/219/219 193/193/193
f 220/220/220 193/193/193 219/219/219
f 193/193/193 220/220/220 194/194/194
f 221/221/221 194/194/194 220/220/220
f 194/194/194 221/221/221 195/195/195
f 222/222/222 195/195/195 221/221/221
f 195/195/195 222/222/222 196/196/196
f 223/223/223 196/196/196 222/222/222
f 196/196/196 223/223/223 197/197/197
f 224/224/224 197/197/197 223/223/223
f 197/197/197 224/224/224 198/198/198
f 225/225/225 198/198/198 224/224/224
f 198/198/198 225/225/225 199/199/199
f 226/226/226 199/199/199 225/225/225
f 199/199/199 226/226/226 200/200/200
f 227/227/227 200/200/200 226/226/226
f 200/200/200 227/227/227 201/201/201
f 228/228/228 201/201/201 227/227/227
f 201/201/201 228/228/228 202/202/202
f 229/229/229 202/202/202 228/228/228
f 202/202/202 229/229/229 203/203/203
f 230/230/230 203/203/203 229/229/229
f 203/203/203 230/230/230 204/204/204
f 231/231/231 204/204/204 230/230/230
f 204/204/204 231/231/231 205/205/205
f 232/232/232 205/205/205 231/231/231
f 205/205/205 232/232/232 206/206/206
f 233/233/233 206/206/206 232/232/232
f 206/206/206 233/233/233 207/207/207
f 234/234/234 207/207/207 233/233/233
f 207/207/207 234/234/234 208/208/208
f 235/235/235 208/208/208 234/234/234
f 208/208/208 235/235/235 209/209/209
f 236/236/236 209/209/209 235/235/235
f 209/209/209 236/236/236 210/210/210
f 237/237/237 210/210/210 236/236/236
f 210/210/210 237/237/237 211/211/211
f 238/238/238 211/211/211 237/237/237
f 211/211/211 238/238/238 212/212/212
f 239/239/239 212/212/212 238/238/238
f 212/212/212 239/239/239 213/213/213
f 240/240/240 213/213/213 239/239/239
f 213/213/213 240/240/240 214/214/214
f 241/241/241 214/214/214 240/240/240
f 214/214/214 241/241/241 215/215/215
f 242/242/242 215/215/215 241/241/241
f 215/215/215 242/242/242 216/216/216
f 243/243/243 216/216/216 242/242/242
f 217/217/217 244/244/244 218/218/218
f 245/245/245 218/218/218 244/244/244
f 218/218/218 245/245/245 219/219/219
f 246/246/246 219/219/219 245/245/245
f 219/219/219 246/246/246 220/220/220
f 247/247/247 220/220/220 246/246/246
f 220/220/220 247/247/247 221/221/221
f 248/248/248 221/221/221 247/247/247
f 221/221/221 248/248/248 222/222/222
f 249/249/249 222/222/222 248/248/248
f 222/222/222 249/249/249 223/223/223
f 250/250/250 223/223/223 249/249/249
f 223/223/223 250/250/250 224/224/224
f 251/251/251 224/224/224 250/250/250
f 224/224/224 251/251/251 225/225/225
f 252/252/252 225/225/225 251/251/251
f 225/225/225 252/252/252 226/226/226
f 253/253/253 226/226/226 252/252/252
f 226/226/226 253/253/253 227/227/227
f 254/254/254 227/227/227 253/253/253
f 227/227/227 254/254/254 228/228/228
f 255/255/255 228/228/228 254/254/254
f 228/228/228 255/255/255 229/229/229
f 256/256/256 229/229/229 255/255/255
f 229/229/229 256/256/256 230/230/230
f 257/257/257 230/230/230 256/256/256
f 230/230/230 257/257/257 231/231/231
f 258/258/258 231/231/231 257/257/257
f 231/231/231 258/258/258 232/232/232
f 259/259/259 232/232/232 258/258/258
f 232/232/232 259/259/259 233/233/233
f 260/260/260 233/233/233 259/259/259
f 233/233/233 260/260/260 234/234/234
f 261/261/261 234/234/234 260/260/260
f 234/234/234 261/261/261 235/235/235
f 262/262/262 235/235/235 261/261/261
f 235/235/235 262/262/262 236/236/236
f 263/263/263 236/236/236 262/262/262
f 236/236/236 263/263/263 237/237/237
f 264/264/264 237/237/237 263/263/263
f 237/237/237 264/264/264 238/238/238
f 265/265/265 238/238/238 264/264/264
f 238/238/238 265/265/265 239/239/239
f 266/266/266 239/239/239 265/265/265
f 239/239/239 266/266/266 240/240/240
f 267/267/267 240/240/240 266/266/266
f 240/240/240 267/267/267 241/241/241
f 268/268/268 241/241/241 267/267/267
f 241/241/241 268/268/268 242/242/242
f 269/269/269 242/242/242 268/268/268
f 242/242/242 269/269/269 243/243/243
f 270/270/270 243/243/243 269/269/269
f 244/244/244 271/271/271 245/245/245
f 272/272/272 245/245/245 271/271/271
f 245/245/245 272/272/272 246/246/246
f 273/273/273 246/246/246 272/272/272
f 246/246/246 273/273/273 247/247/247
f 274/274/274 247/247/247 273/273/273
f 247/247/247 274/274/274 248/248/248
f 275/275/275 248/248/248 274/274/274
f 248/248/248 275/275/275 249/249/249
f 276/276/276 249/249/249 275/275/275
f 249/249/249 276/276/276 250/250/250
f 277/277/277 250/250/250 276/276/276
f 250/250/250 277/277/277 251/251/251
f 278/278/278 251/251/251 277/277/277
f 251/251/251 278/278/278 252/252/252
f 279/279/279 252/252/252 278/278/278
f 252/252/252 279/279/279 253/253/253
f 280/280/280 253/253/253 279/279/279
f 253/253/253 280/280/280 254/254/254
f 281/281/281 254/254/254 280/280/280
f 254/254/254 281/281/281 255/255/255
f 282/282/282 255/255/255 281/281/281
f 255/255/255 282/282/282 256/256/256
f 283/283/283 256/256/256 282/282/282
f 256/256/256 283/283/283 257/257/257
f 284/284/284 257/257/257 283/283/283
f 257/257/257 284/284/284 258/258/258
f 285/285/285 258/258/258 284/284/284
f 258/258/258 285/285/285 259/259/259
f 286/286/286 259/259/259 285/285/285
f 259/259/259 286/286/286 260/260/260
f 287/287/287 260/260/260 286/286/286
f 260/260/260 287/287/287 261/261/261
f 288/288/288 261/261/261 287/287/287
f 261/261/261 288/288/288 262/262/262
f 289/289/289 262/262/262 288/288/288
f 262/262/262 289/289/289 263/263/263
f 290/290/290 263/263/263 289/289/289
f 263/263/263 290/290/290 264/264/264
f 291/291/291 264/264/264 290/290/290
f 264/264/264 291/291/291 265/265/265
f 292/292/292 265/265/265 291/291/291
f 265/265/265 292/292/292 266/266/266
f 293/293/293 266/266/266 292/292/292
f 266/266/266 293/293/293 267/267/267
f 294/294/294 267/267/267 293/293/293
f 267/267/267 294/294/294 268/268/268
f 295/295/295 268/268/268 294/294/294
f 268/268/268 295/295/295 269/269/269
f 296/296/296 269/269/269 295/295/295
f 269/269/269 296/296/296 270/270/270
f 297/297/297 270/270/270 296/296/296
f 271/271/271 298/298/298 272/272/272
f 299/299/299 272/272/272 298/298/298
f 272/272/272 299/299/299 273/273/273
f 300/300/300 273/273/273 299/299/299
f 273/273/273 300/300/300 274/274/274
f 301/301/301 274/274/274 300/300/300
f 274/274/274 301/301/301 275/275/275
f 302/302/302 275/275/275 301/301/301
f 275/275/275 302/302/302 276/276/276
f 303/303/303 276/276/276 302/302/302
f 276/276/276 303/303/303 277/277/277
f 304/304/304 277/277/277 303/303/303
f 277/277/277 304/304/304 278/278/278
f 305/305/305 278/278/278 304/304/304
f 278/278/278 305/305/305 279/279/279
f 306/306/306 279/279/279 305/305/305
f 279/279/279 306/306/306 280/280/280
f 307/307/307 280/280/280 306/306/306
f 280/280/280 307/307/307 281/281/281
f 308/308/308 281/281/281 307/307/307
f 281/281/281 308/308/308 282/282/282
f 309/309/309 282/282/282 308/308/308
f 282/282/282 309/309/309 283/283/283
f 310/310/310 283/283/283 309/309/309
f 283/283/283 310/310/310 284/284/284
f 311/311/311 284/284/284 310/310/310
f 284/284/284 311/311/311 285/285/285
f 312/312/312 285/285/285 311/311/311
f 285/285/285 312/312/312 286/286/286
f 313/313/313 286/286/286 312/312/312
f 286/286/286 313/313/313 287/287/287
f 314/314/314 287/287/287 313/313/313
f 287/287/287 314/314/314 288/288/288
f 315/315/315 288/288/288 314/314/314
f 288/288/288 315/315/315 289/289/289
f 316/316/316 289/289/289 315/315/315
f 289/289/289 316/316/316 290/290/290
f 317/317/317 290/290/290 316/316/316
f 290/290/290 317/317/317 291/291/291
f 318/318/318 291/291/291 317/317/317
f 291/291/291 318/318/318 292/292/292
f 319/319/319 292/292/292 318/318/318
f 292/292/292 319/319/319 293/293/293
f 320/320/320 293/293/293 319/319/319
f 293/293/293 320/320/320 294/294/294
f 321/321/321 294/294/294 320/320/320
f 294/294/294 321/321/321 295/295/295
f 322/322/322 295/295/295 321/321/321
f 295/295/295 322/322/322 296/296/296
f 323/323/323 296/296/296 322/322/322
f 296/296/296 323/323/323 297/297/297
f 324/324/324 297/297/297 323/323/323
f 298/298/298 325/325/325 299/299/299
f 326/326/326 299/299/299 325/325/325
f 299/299/299 326/326/326 300/300/300
f 327/327/327 300/300/300 326/326/326
f 300/300/300 327/327/327 301/301/301
f 328/328/328 301/301/301 327/327/327
f 301/301/301 328/328/328 302/302/302
f 329/329/329 302/302/302 328/328/328
f 302/302/302 329/329/329 303/303/303
f 330/330/330 303/303/303 329/329/329
f 303/303/303 330/330/330 304/304/304
f 331/331/331 304/304/304 330/330/330
f 304/304/304 331/331/331 305/305/305
f 332/332/332 305/305/305 331/331/331
f 305/305/305 332/332/332 306/306/306
f 333/333/333 306/306/306 332/332/332
f 306/306/306 333/333/333 307/307/307
f 334/334/334 307/307/307 333/333/333
f 307/307/307 334/334/334 308/308/308
f 335/335/335 308/308/308 334/334/334
f 308/308/308 335/335/335 309/309/309
f 336/336/336 309/309/309 335/335/335
f 309/309/309 336/336/336 310/310/310
f 337/337/337 310/310/310 336/336/336
f 310/310/310 337/337/337 311/311/311
f 338/338/338 311/311/311 337/337/337
f 311/311/311 338/338/338 312/312/312
f 339/339/339 312/312/312 338/338/338
f 312/312/312 339/339/339 313/313/313
f 340/340/340 313/313/313 339/339/339
f 313/313/313 340/340/340 314/314/314
f 341/341/341 314/314/314 340/340/340
f 314/314/314 341/341/341 315/315/315
f 342/342/342 315/315/315 341/341/341
f 315/315/315 342/342/342 316/316/316
f 343/343/343 316/316/316 342/342/342
f 316/316/316 343/343/343 317/317/317
f 344/344/344 317/317/317 343/343/343
f 317/317/317 344/344/344 318/318/318
f 345/345/345 318/318/318 344/344/344
f 318/318/318 345/345/345 319/319/319
f 346/346/346 319/319/319 345/345/345
f 319/319/319 346/346/346 320/320/320
f 347/347/347 320/320/320 346/346/346
f 320/320/320 347/347/347 321/321/321
f 348/348/348 321/321/321 347/347/347
f 321/321/321 348/348/348 322/322/322
f 349/349/349 322/322/322 348/348/348
f 322/322/322 349/349/349 323/323/323
f 350/350/350 323/323/323 349/349/349
f 323/323/323 350/350/350 324/324/324
f 351/351/351 324/324/324 350/350/350
f 325/325/325 352/352/352 326/326/326
f 353/353/353 326/326/326 352/352/352
f 326/326/326 353/353/353 327/327/327
f 354/354/354 327/327/327 353/353/353
f 327/327/327 354/354/354 328/328/328
f 355/355/355 328/328/328 354/354/354
f 328/328/328 355/355/355 329/329/329
f 356/356/356 329/329/329 355/355/355
f 329/329/329 356/356/356 330/330/330
f 357/357/357 330/330/330 356/356/356
f 330/330/330 357/357/357 331/331/331
f 358/358/358 331/331/331 357/357/357
f 331/331/331 358/358/358 332/332/332
f 359/359/359 332/332/332 358/358/358
f 332/332/332 359/359/359 333/333/333
f 360/360/360 333/333/333 359/359/359
f 333/333/333 360/360/360 334/334/334
f 361/361/361 334/334/334 360/360/360
f 334/334/334 361/361/361 335/335/335
f 362/362/362 335/335/335 361/361/361
f 335/335/335 362/362/362 336/336/336
f 363/363/363 336/336/336 362/362/362
f 336/336/336 363/363/363 337/337/337
f 364/364/364 337/337/337 363/363/363
f 337/337/337 364/364/364 338/338/338
f 365/365/365 338/338/338 364/364/364
f 338/338/338 365/365/365 339/339/339
f 366/366/366 339/339/339 365/365/365
f 339/339/339 366/366/366 340/340/340
f 367/367/367 340/340/340 366/366/366
f 340/340/340 367/367/367 341/341/341
f 368/368/368 341/341/341 367/367/367
f 341/341/341 368/368/368 342/342/342
f 369/369/369 342/342/342 368/368/368
f 342/342/342 369/369/369 343/343/343
f 370/370/370 343/343/343 369/369/369
f 343/343/343 370/370/370 344/344/344
f 371/371/371 344/344/344 370/370/370
f 344/344/344 371/371/371 345/345/345
f 372/372/372 345/345/345 371/371/371
f 345/345/345 372/372/372 346/346/346
f 373/373/373 346/346/346 372/372/372
f 346/346/346 373/373/373 347/347/347
f 374/374/374 347/347/347 373/373/373
f 347/347/347 374/374/374 348/348/348
f 375/375/375 348/348/348 374/374/374
f 348/348/348 375/375/375 349/349/349
f 376/376/376 349/349/349 375/375/375
f 349/349/349 376/376/376 350/350/350
f 377/377/377 350/350/350 376/376/376
f 350/350/350 377/377/377 351/351/351
f 378/378/378 351/351/351 377/377/377
f 352/352/352 379/379/379 353/353/353
f 380/380/380 353/353/353 379/379/379
f 353/353/353 380/380/380 354/354/354
f 381/381/381 354/354/354 380/380/380
f 354/354/354 381/381/381 355/355/355
f 382/382/382 355/355/355 381/381/381
f 355/355/355 382/382/382 356/356/356
f 383/383/383 356/356/356 382/382/382
f 356/356/356 383/383/383 357/357/357
f 384/384/384 357/357/357 383/383/383
f 357/357/357 384/384/384 358/358/358
f 385/385/385 358/358/358 384/384/384
f 358/358/358 385/385/385 359/359/359
f 386/386/386 359/359/359 385/385/385
f 359/359/359 386/386/386 360/360/360
f 387/387/387 360/360/360 386/386/386
f 360/360/360 387/387/387 361/361/361
f 388/388/388 361/361/361 387/387/387
f 361/361/361 388/388/388 362/362/362
f 389/389/389 362/362/362 388/388/388
f 362/362/362 389/389/389 363/363/363
f 390/390/390 363/363/363 389/389/389
f 363/363/363 390/390/390 364/364/364
f 391/391/391 364/364/364 390/390/390
f 364/364/364 391/391/391 365/365/365
f 392/392/392 365/365/365 391/391/391
f 365/365/365 392/392/392 366/366/366
f 393/393/393 366/366/366 392/392/392
f 366/366/366 393/393/393 367/367/367
f 394/394/394 367/367/367 393/393/393
f 367/367/367 394/394/394 368/368/368
f 395/395/395 368/368/368 394/394/394
f 368/368/368 395/395/395 369/369/369
f 396/396/396 369/369/369 395/395/395
f 369/369/369 396/396/396 370/370/370
f 397/397/397 370/370/370 396/396/396
f 370/370/370 397/397/397 371/371/371
f 398/398/398 371/371/371 397/397/397
f 371/371/371 398/398/398 372/372/372
f 399/399/399 372/372/372 398/398/398
f 372/372/372 399/399/399 373/373/373
f 400/400/400 373/373/373 399/399/399
f 373/373/373 400/400/400 374/374/374
f 401/401/401 374/374/374 400/400/400
f 374/374/374 401/401/401 375/375/375
f 402/402/402 375/375/375 401/401/401
f 375/375/375 402/402/402 376/376/376
f 403/403/403 376/376/376 402/402/402
f 376/376/376 403/403/403 377/377/377
f 404/404/404 377/377/377 403/403/403
f 377/377/377 404/404/404 378/378/378
f 405/405/405 378/378/378 404/404/404
f 379/379/379 406/406/406 380/380/380
f 407/407/407 380/380/380 406/406/406
f 380/380/380 407/407/407 381/381/381
f 408/408/408 381/381/381 407/407/407
f 381/381/381 408/408/408 382/382/382
f 409/409/409 382/382/382 408/408/408
f 382/382/382 409/409/409 383/383/383
f 410/410/410 383/383/383 409/409/409
f 383/383/383 410/410/410 384/384/384
f 411/411/411 384/384/384 410/410/410
f 384/384/384 411/411/411 385/385/385
f 412/412/412 385/385/385 411/411/411
f 385/385/385 412/412/412 386/386/386
f 413/413/413 386/386/386 412/412/412
f 386/386/386 413/413/413 387/387/387
f 414/414/414 387/387/387 413/413/413
f 387/387/387 414/414/414 388/388/388
f 415/415/415 388/388/388 414/414/414
f 388/388/388 415/415/415 389/389/389
f 416/416/416 389/389/389 415/415/415
f 389/389/389 416/416/416 390/390/390
f 417/417/417 390/390/390 416/416/416
f 390/390/390 417/417/417 391/391/391
f 418/418/418 391/391/391 417/417/417
f 391/391/391 418/418/418 392/392/392
f 419/419/419 392/392/392 418/418/418
f 392/392/392 419/419/419 393/393/393
f 420/420/420 393/393/393 419/419/419
f 393/393/393 420/420/420 394/394/394
f 421/421/421 394/394/394 420/420/420
f 394/394/394 421/421/421 395/395/395
f 422/422/422 395/395/395 421/421/421
f 395/395/395 422/422/422 396/396/396
f 423/423/423 396/396/396 422/422/422
f 396/396/396 423/423/423 397/397/397
f 424/424/424 397/397/397 423/423/423
f 397/397/397 424/424/424 398/398/398
f 425/425/425 398/398/398 424/424/424
f 398/398/398 425/425/425 399/399/399
f 426/426/426 399/399/399 425/425/425
f 399/399/399 426/426/426 400/400/400
f 427/427/427 400/400/400 426/426/426
f 400/400/400 427/427/427 401/401/401
f 428/428/428 401/401/401 427/427/427
f 401/401/401 428/428/428 402/402/402
f 429/429/429 402/402/402 428/428/428
f 402/402/402 429/429/429 403/403/403
f 430/430/430 403/403/403 429/429/429
f 403/403/403 430/430/430 404/404/404
f 431/431/431 404/404/404 430/430/430
f 404/404/404 431/431/431 405/405/405
f 432/432/432 405/405/405 431/431/431
f 406/406/406 433/433/433 407/407/407
f 434/434/434 407/407/407 433/433/433
f 407/407/407 434/434/434 408/408/408
f 435/435/435 408/408/408 434/434/434
f 408/408/408 435/435/435 409/409/409
f 436/436/436 409/409/409 435/435/435
f 409/409/409 436/436/436 410/410/410
f 437/437/437 410/410/410 436/436/436
f 410/410/410 437/437/437 411/411/411
f 438/438/438 411/411/411 437/437/437
f 411/411/411 438/438/438 412/412/412
f 439/439/439 412/412/412 438/438/438
f 412/412/412 439/439/439 413/413/413
f 440/440/440 413/413/413 439/439/439
f 413/413/413 440/440/440 414/414/414
f 441/441/441 414/414/414 440/440/440
f 414/414/414 441/441/441 415/415/415
f 442/442/442 415/415/415 441/441/441
f 415/415/415 442/442/442 416/416/416
f 443/443/443 416/416/416 442/442/442
f 416/416/416 443/443/443 417/417/417
f 444/444/444 417/417/417 443/443/443
f 417/417/417 444/444/444 418/418/418
f 445/445/445 418/418/418 444/444/444
f 418/418/418 445/445/445 419/419/419
f 446/446/446 419/419/419 445/445/445
f 419/419/419 446/446/446 420/420/420
f 447/447/447 420/420/420 446/446/446
f 420/420/420 447/447/447 421/421/421
f 448/448/448 421/421/421 447/447/447
f 421/421/421 448/448/448 422/422/422
f 449/449/449 422/422/422 448/448/448
f 422/422/422 449/449/449 423/423/423
f 450/450/450 423/423/423 449/449/449
f 423/423/423 450/450/450 424/424/424
f 451/451/451 424/424/424 450/450/450
f 424/424/424 451/451/451 425/425/425
f 452/452/452 425/425/425 451/451/451
f 425/425/425 452/452/452 426/426/426
f 453/453/453 426/426/426 452/452/452
f 426/426/426 453/453/453 427/427/427
f 454/454/454 427/427/427 453/453/453
f 427/427/427 454/454/454 428/428/428
f 455/455/455 428/428/428 454/454/454
f 428/428/428 455/455/455 429/429/429
f 456/456/456 429/429/429 455/455/455
f 429/429/429 456/456/456 430/430/430
f 457/457/457 430/430/430 456/456/456
f 430/430/430 457/457/457 431/431/431
f 458/458/458 431/431/431 457/457/457
f 431/431/431 458/458/458 432/432/432
f 459/459/459 432/432/432 458/458/458
f 433/433/433 460/460/460 434/434/434
f 461/461/461 434/434/434 460/460/460
f 434/434/434 461/461/461 435/435/435
f 462/462/462 435/435/435 461/461/461
f 435/435/435 462/462/462 436/436/436
f 463/463/463 436/436/436 462/462/462
f 436/436/436 463/463/463 437/437/437
f 464/464/464 437/437/437 463/463/463
f 437/437/437 464/464/464 438/438/438
f 465/465/465 438/438/438 464/464/464
f 438/438/438 465/465/465 439/439/439
f 466/466/466 439/439/439 465/465/465
f 439/439/439 466/466/466 440/440/440
f 467/467/467 440/440/440 466/466/466
f 440/440/440 467/467/467 441/441/441
f 468/468/468 441/441/441 467/467/467
f 441/441/441 468/468/468 442/442/442
f 469/469/469 442/442/442 468/468/468
f 442/442/442 469/469/469 443/443/443
f 470/470/470 443/443/443 469/469/469
f 443/443/443 470/470/470 444/444/444
f 471/471/471 444/444/444 470/470/470
f 444/444/444 471/471/471 445/445/445
f 472/472/472 445/445/445 471/471/471
f 445/445/445 472/472/472 446/446/446
f 473/473/473 446/446/446 472/472/472
f 446/446/446 473/473/473 447/447/447
f 474/474/474 447/447/447 473/473/473
f 447/447/447 474/474/474 448/448/448
f 475/475/475 448/448/448 474/474/474
f 448/448/448 475/475/475 449/449/449
f 476/476/476 449/449/449 475/475/475
f 449/449/449 476/476/476 450/450/450
f 477/477/477 450/450/450 476/476/476
f 450/450/450 477/477/477 451/451/451
f 478/478/478 451/451/451 477/477/477
f 451/451/451 478/478/478 452/452/452
f 479/479/479 452/452/452 478/478/478
f 452/452/452 479/479/479 453/453/453
f 480/480/480 453/453/453 479/479/479
f 453/453/453 480/480/480 454/454/454
f 481/481/481 454/454/454 480/480/480
f 454/454/454 481/481/481 455/455/455
f 482/482/482 455/455/455 481/481/481
f 455/455/455 482/482/482 456/456/456
f 483/483/483 456/456/456 482/482/482
f 456/456/456 483/483/483 457/457/457
f 484/484/484 457/457/457 483/483/483
f 457/457/457 484/484/484 458/458/458
f 485/485/485 458/458/458 484/484/484
f 458/458/458 485/485/485 459/459/459
f 486/486/486 459/459/459 485/485/485
f 460/460/460 487/487/487 461/461/461
f 488/488/488 461/461/461 487/487/487
f 461/461/461 488/488/488 462/462/462
f 489/489/489 462/462/462 488/488/488
f 462/462/462 489/489/489 463/463/463
f 490/490/490 463/463/463 489/489/489
f 463/463/463 490/490/490 464/464/464
f 491/491/491 464/464/464 490/490/490
f 464/464/464 491/491/491 465/465/465
f 492/492/492 465/465/465 491/491/491
f 465/465/465 492/492/492 466/466/466
f 493/493/493 466/466/466 492/492/492
f 466/466/466 493/493/493 467/467/467
f 494/494/494 467/467/467 493/493/493
f 467/467/467 494/494/494 468/468/468
f 495/495/495 468/468/468 494/494/494
f 468/468/468 495/495/495 469/469/469
f 496/496/496 469/469/469 495/495/495
f 469/469/469 496/496/496 470/470/470
f 497/497/497 470/470/470 496/496/496
f 470/470/470 497/497/497 471/471/471
f 498/498/498 471/471/471 497/497/497
f 471/471/471 498/498/498 472/472/472
f 499/499/499 472/472/472 498/498/498
f 472/472/472 499/499/499 473/473/473
f 500/500/500 473/473/473 499/499/499
f 473/473/473 500/500/500 474/474/474
f 501/501/501 474/474/474 500/500/500
f 474/474/474 501/501/501 475/475/475
f 502/502/502 475/475/475 501/501/501
f 475/475/475 502/502/502 476/476/476
f 503/503/503 476/476/476 502/502/502
f 476/476/476 503/503/503 477/477/477
f 504/504/504 477/477/477 503/503/503
f 477/477/477 504/504/504 478/478/478
f 505/505/505 478/478/478 504/504/504
f 478/478/478 505/505/505 479/479/479
f 506/506/506 479/479/479 505/505/505
f 479/479/479 506/506/506 480/480/480
f 507/507/507 480/480/480 506/506/506
f 480/480/480 507/507/507 481/481/481
f 508/508/508 481/481/481 507/507/507
f 481/481/481 508/508/508 482/482/482
f 509/509/509 482/482/482 508/508/508
f 482/482/482 509/509/509 483/483/483
f 510/510/510 483/483/483 509/509/509
f 483/483/483 510/510/510 484/484/484
f 511/511/511 484/484/484 510/510/510
f 484/484/484 511/511/511 485/485/485
f 512/512/512 485/485/485 511/511/511
f 485/485/485 512/512/512 486/486/486
f 513/513/513 486/486/486 512/512/512
f 487/487/487 514/514/514 488/488/488
f 515/515/515 488/488/488 514/514/514
f 488/488/488 515/515/515 489/489/489
f 516/516/516 489/489/489 515/515/515
f 489/489/489 516/516/516 490/490/490
f 517/517/517 490/490/490 516/516/516
f 490/490/490 517/517/517 491/491/491
f 518/518/518 491/491/491 517/517/517
f 491/491/491 518/518/518 492/492/492
f 519/519/519 492/492/492 518/518/518
f 492/492/492 519/519/519 493/493/493
f 520/520/520 493/493/493 519/519/519
f 493/493/493 520/520/520 494/494/494
f 521/521/521 494/494/494 520/520/520
f 494/494/494 521/521/521 495/495/495
f 522/522/522 495/495/495 521/521/521
f 495/495/495 522/522/522 496/496/496
f 523/523/523 496/496/496 522/522/522
f 496/496/496 523/523/523 497/497/497
f 524/524/524 497/497/497 523/523/523
f 497/497/497 524/524/524 498/498/498
f 525/525/525 498/498/498 524/524/524
f 498/498/498 525/525/525 499/499/499
f 526/526/526 499/499/499 525/525/525
f 499/499/499 526/526/526 500/500/500
f 527/527/527 500/500/500 526/526/526
f 500/500/500 527/527/527 501/501/501
f 528/528/528 501/501/501 527/527/527
f 501/501/501 528/528/528 502/502/502
f 529/529/529 502/502/502 528/528/528
f 502/502/502 529/529/529 503/503/503
f 530/530/530 503/503/503 529/529/529
f 503/503/503 530/530/530 504/504/504
f 531/531/531 504/504/504 530/530/530
f 504/504/504 531/531/531 505/505/505
f 532/532/532 505/505/505 531/531/531
f 505/505/505 532/532/532 506/506/506
f 533/533/533 506/506/506 532/532/532
f 506/506/506 533/533/533 507/507/507
f 534/534/534 507/507/507 533/533/533
f 507/507/507 534/534/534 508/508/508
f 535/535/535 508/508/508 534/534/534
f 508/508/508 535/535/535 509/509/509
f 536/536/536 509/509/509 535/535/535
f 509/509/509 536/536/536 510/510/510
f 537/537/537 510/510/510 536/536/536
f 510/510/510 537/537/537 511/511/511
f 538/538/538 511/511/511 537/537/537
f 511/511/511 538/538/538 512/512/512
f 539/539/539 512/512/512 538/538/538
f 512/512/512 539/539/539 513/513/513
f 540/540/540 513/513/513 539/539/539
f 514/514/514 541/541/541 515/515/515
f 542/542/542 515/515/515 541/541/541
f 515/515/515 542/542/542 516/516/516
f 543/543/543 516/516/516 542/542/542
f 516/516/516 543/543/543 517/517/517
f 544/544/544 517/517/517 543/543/543
f 517/517/517 544/544/544 518/518/518
f 545/545/545 518/518/518 544/544/544
f 518/518/518 545/545/545 519/519/519
f 546/546/546 519/519/519 545/545/545
f 519/519/519 546/546/546 520/520/520
f 547/547/547 520/520/520 546/546/546
f 520/520/520 547/547/547 521/521/521
f 548/548/548 521/521/521 547/547/547
f 521/521/521 548/548/548 522/522/522
f 549/549/549 522/522/522 548/548/548
f 522/522/522 549/549/549 523/523/523
f 550/550/550 523/523/523 549/549/549
f 523/523/523 550/550/550 524/524/524
f 551/551/551 524/524/524 550/550/550
f 524/524/524 551/551/551 525/525/525
f 552/552/552 525/525/525 551/551/551
f 525/525/525 552/552/552 526/526/526
f 553/553/553 526/526/526 552/552/552
f 526/526/526 553/553/553 527/527/527
f 554/554/554 527/527/527 553/553/553
f 527/527/527 554/554/554 528/528/528
f 555/555/555 528/528/528 554/554/554
f 528/528/528 555/555/555 529/529/529
f 556/556/556 529/529/529 555/555/555
f 529/529/529 556/556/556 530/530/530
f 557/557/557 530/530/530 556/556/556
f 530/530/530 557/557/557 531/531/531
f 558/558/558 531/531/531 557/557/557
f 531/531/531 558/558/558 532/532/532
f 559/559/559 532/532/532 558/558/558
f 532/532/532 559/559/559 533/533/533
f 560/560/560 533/533/533 559/559/559
f 533/533/533 560/560/560 534/534/534
f 561/561/561 534/534/534 560/560/560
f 534/534/534 561/561/561 535/535/535
f 562/562/562 535/535/535 561/561/561
f 535/535/535 562/562/562 536/536/536
f 563/563/563 536/536/536 562/562/562
f 536/536/536 563/563/563 537/537/537
f 564/564/564 537/537/537 563/563/563
f 537/537/537 564/564/564 538/538/538
f 565/565/565 538/538/538 564/564/564
f 538/538/538 565/565/565 539/539/539
f 566/566/566 539/539/539 565/565/565
f 539/539/539 566/566/566 540/540/540
f 567/567/567 540/540/540 566/566/566
f 541/541/541 568/568/568 542/542/542
f 569/569/569 542/542/542 568/568/568
f 542/542/542 569/569/569 543/543/543
f 570/570/570 543/543/543 569/569/569
f 543/543/543 570/570/570 544/544/544
f 571/571/571 544/544/544 570/570/570
f 544/544/544 571/571/571 545/545/545
f 572/572/572 545/545/545 571/571/571
f 545/545/545 572/572/572 546/546/546
f 573/573/573 546/546/546 572/572/572
f 546/546/546 573/573/573 547/547/547
f 574/574/574 547/547/547 573/573/573
f 547/547/547 574/574/574 548/548/548
f 575/575/575 548/548/548 574/574/574
f 548/548/548 575/575/575 549/549/549
f 576/576/576 549/549/549 575/575/575
f 549/549/549 576/576/576 550/550/550
f 577/577/577 550/550/550 576/576/576
f 550/550/550 577/577/577 551/551/551
f 578/578/578 551/551/551 577/577/577
f 551/551/551 578/578/578 552/552/552
f 579/579/579 552/552/552 578/578/578
f 552/552/552 579/579/579 553/553/553
f 580/580/580 553/553/553 579/579/579
f 553/553/553 580/580/580 554/554/554
f 581/581/581 554/554/554 580/580/580
f 554/554/554 581/581/581 555/555/555
f 582/582/582 555/555/555 581/581/581
f 555/555/555 582/582/582 556/556/556
f 583/583/583 556/556/556 582/582/582
f 556/556/556 583/583/583 557/557/557
f 584/584/584 557/557/557 583/583/583
f 557/557/557 584/584/584 558/558/558
f 585/585/585 558/558/558 584/584/584
f 558/558/558 585/585/585 559/559/559
f 586/586/586 559/559/559 585/585/585
f 559/559/559 586/586/586 560/560/560
f 587/587/587 560/560/560 586/586/586
f 560/560/560 587/587/587 561/561/561
f 588/588/588 561/561/561 587/587/587
f 561/561/561 588/588/588 562/562/562
f 589/589/589 562/562/562 588/588/588
f 562/562/562 589/589/589 563/563/563
f 590/590/590 563/563/563 589/589/589
f 563/563/563 590/590/590 564/564/564
f 591/591/591 564/564/564 590/590/590
f 564/564/564 591/591/591 565/565/565
f 592/592/592 565/565/565 591/591/591
f 565/565/565 592/592/592 566/566/566
f 593/593/593 566/566/566 592/592/592
f 566/566/566 593/593/593 567/567/567
f 594/594/594 567/567/567 593/593/593
f 568/568/568 595/595/595 569/569/569
f 596/596/596 569/569/569 595/595/595
f 569/569/569 596/596/596 570/570/570
f 597/597/597 570/570/570 596/596/596
f 570/570/570 597/597/597 571/571/571
f 598/598/598 571/571/571 597/597/597
f 571/571/571 598/598/598 572/572/572
f 599/599/599 572/572/572 598/598/598
f 572/572/572 599/599/599 573/573/573
f 600/600/600 573/573/573 599/599/599
f 573/573/573 600/600/600 574/574/574
f 601/601/601 574/574/574 600/600/600
f 574/574/574 601/601/601 575/575/575
f 602/602/602 575/575/575 601/601/601
f 575/575/575 602/602/602 576/576/576
f 603/603/603 576/576/576 602/602/602
f 576/576/576 603/603/603 577/577/577
f 604/604/604 577/577/577 603/603/603
f 577/577/577 604/604/604 578/578/578
f 605/605/605 578/578/578 604/604/604
f 578/578/578 605/605/605 579/579/579
f 606/606/606 579/579/579 605/605/605
f 579/579/579 606/606/606 580/580/580
f 607/607/607 580/580/580 606/606/606
f 580/580/580 607/607/607 581/581/581
f 608/608/608 581/581/581 607/607/607
f 581/581/581 608/608/608 582/582/582
f 609/609/609 582/582/582 608/608/608
f 582/582/582 609/609/609 583/583/583
f 610/610/610 583/583/583 609/609/609
f 583/583/583 610/610/610 584/584/584
f 611/611/611 584/584/584 610/610/610
f 584/584/584 611/611/611 585/585/585
f 612/612/612 585/585/585 611/611/611
f 585/585/585 612/612/612 586/586/586
f 613/613/613 586/586/586 612/612/612
f 586/586/586 613/613/613 587/587/587
f 614/614/614 587/587/587 613/613/613
f 587/587/587 614/614/614 588/588/588
f 615/615/615 588/588/588 614/614/614
f 588/588/588 615/615/615 589/589/589
f 616/616/616 589/589/589 615/615/615
f 589/589/589 616/616/616 590/590/590
f 617/617/617 590/590/590 616/616/616
f 590/590/590 617/617/617 591/591/591
f 618/618/618 591/591/591 617/617/617
f 591/591/591 618/618/618 592/592/592
f 619/619/619 592/592/592 618/618/618
f 592/592/592 619/619/619 593/593/593
f 620/620/620 593/593/593 619/619/619
f 593/593/593 620/620/620 594/594/594
f 621/621/621 594/594/594 620/620/620
f 595/595/595 622/622/622 596/596/596
f 623/623/623 596/596/596 622/622/622
f 596/596/596 623/623/623 597/597/597
f 624/624/624 597/597/597 623/623/623
f 597/597/597 624/624/624 598/598/598
f 625/625/625 598/598/598 624/624/624
f 598/598/598 625/625/625 599/599/599
f 626/626/626 599/599/599 625/625/625
f 599/599/599 626/626/626 600/600/600
f 627/627/627 600/600/600 626/626/626
f 600/600/600 627/627/627 601/601/601
f 628/628/628 601/601/601 627/627/627
f 601/601/601 628/628/628 602/602/602
f 629/629/629 602/602/602 628/628/628
f 602/602/602 629/629/629 603/603/603
f 630/630/630 603/603/603 629/629/629
f 603/603/603 630/630/630 604/604/604
f 631/631/631 604/604/604 630/630/630
f 604/604/604 631/631/631 605/605/605
f 632/632/632 605/605/605 631/631/631
f 605/605/605 632/632/632 606/606/606
f 633/633/633 606/606/606 632/632/632
f 606/606/606 633/633/633 607/607/607
f 634/634/634 607/607/607 633/633/633
f 607/607/607 634/634/634 608/608/608
f 635/635/635 608/608/608 634/634/634
f 608/608/608 635/635/635 609/609/609
f 636/636/636 609/609/609 635/635/635
f 609/609/609 636/636/636 610/610/610
f 637/637/637 610/610/610 636/636/636
f 610/610/610 637/637/637 611/611/611
f 638/638/638 611/611/611 637/637/637
f 611/611/611 638/638/638 612/612/612
f 639/639/639 612/612/612 638/638/638
f 612/612/612 639/639/639 613/613/613
f 640/640/640 613/613/613 639/639/639
f 613/613/613 640/640/640 614/614/614
f 641/641/641 614/614/614 640/640/640
f 614/614/614 641/641/641 615/615/615
f 642/642/642 615/615/615 641/641/641
f 615/615/615 642/642/642 616/616/616
f 643/643/643 616/616/616 642/642/642
f 616/616/616 643/643/643 617/617/617
f 644/644/644 617/617/617 643/643/643
f 617/617/617 644/644/644 618/618/618
f 645/645/645 618/618/618 644/644/644
f 618/618/618 645/645/645 619/619/619
f 646/646/646 619/619/619 645/645/645
f 619/619/619 646/646/646 620/620/620
f 647/647/647 620/620/620 646/646/646
f 620/620/620 647/647/647 621/621/621
f 648/648/648 621/621/621 647/647/647
f 622/622/622 649/649/649 623/623/623
f 650/650/650 623/623/623 649/649/649
f 623/623/623 650/650/650 624/624/624
f 651/651/651 624/624/624 650/650/650
f 624/624/624 651/651/651 625/625/625
f 652/652/652 625/625/625 651/651/651
f 625/625/625 652/652/652 626/626/626
f 653/653/653 626/626/626 652/652/652
f 626/626/626 653/653/653 627/627/627
f 654/654/654 627/627/627 653/653/653
f 627/627/627 654/654/654 628/628/628
f 655/655/655 628/628/628 654/654/654
f 628/628/628 655/655/655 629/629/629
f 656/656/656 629/629/629 655/655/655
f 629/629/629 656/656/656 630/630/630
f 657/657/657 630/630/630 656/656/656
f 630/630/630 657/657/657 631/631/631
f 658/658/658 631/631/631 657/657/657
f 631/631/631 658/658/658 632/632/632
f 659/659/659 632/632/632 658/658/658
f 632/632/632 659/659/659 633/633/633
f 660/660/660 633/633/633 659/659/659
f 633/633/633 660/660/660 634/634/634
f 661/661/661 634/634/634 660/660/660
f 634/634/634 661/661/661 635/635/635
f 662/662/662 635/635/635 661/661/661
f 635/635/635 662/662/662 636/636/636
f 663/663/663 636/636/636 662/662/662
f 636/636/636 663/663/663 637/637/637
f 664/664/664 637/637/637 663/663/663
f 637/637/637 664/664/664 638/638/638
f 665/665/665 638/638/638 664/664/664
f 638/638/638 665/665/665 639/639/639
f 666/666/666 639/639/639 665/665/665
f 639/639/639 666/666/666 640/640/640
f 667/667/667 640/640/640 666/666/666
f 640/640/640 667/667/667 641/641/641
f 668/668/668 641/641/641 667/667/667
f 641/641/641 668/668/668 642/642/642
f 669/669/669 642/642/642 668/668/668
f 642/642/642 669/669/669 643/643/643
f 670/670/670 643/643/643 669/669/669
f 643/643/643 670/670/670 644/644/644
f 671/671/671 644/644/644 670/670/670
f 644/644/644 671/671/671 645/645/645
f 672/672/672 645/645/645 671/671/671
f 645/645/645 672/672/672 646/646/646
f 673/673/673 646/646/646 672/672/672
f 646/646/646 673/673/673 647/647/647
f 674/674/674 647/647/647 673/673/673
f 647/647/647 674/674/674 648/648/648
f 675/675/675 648/648/648 674/674/674
f 649/649/649 676/676/676 650/650/650
f 677/677/677 650/650/650 676/676/676
f 650/650/650 677/677/677 651/651/651
f 678/678/678 651/651/651 677/677/677
f 651/651/651 678/678/678 652/652/652
f 679/679/679 652/652/652 678/678/678
f 652/652/652 679/679/679 653/653/653
f 680/680/680 653/653/653 679/679/679
f 653/653/653 680/680/680 654/654/654
f 681/681/681 654/654/654 680/680/680
f 654/654/654 681/681/681 655/655/655
f 682/682/682 655/655/655 681/681/681
f 655/655/655 682/682/682 656/656/656
f 683/683/683 656/656/656 682/682/682
f 656/656/656 683/683/683 657/657/657
f 684/684/684 657/657/657 683/683/683
f 657/657/657 684/684/684 658/658/658
f 685/685/685 658/658/658 684/684/684
f 658/658/658 685/685/685 659/659/659
f 686/686/686 659/659/659 685/685/685
f 659/659/659 686/686/686 660/660/660
f 687/687/687 660/660/660 686/686/686
f 660/660/660 687/687/687 661/661/661
f 688/688/688 661/661/661 687/687/687
f 661/661/661 688/688/688 662/662/662
f 689/689/689 662/662/662 688/688/688
f 662/662/662 689/689/689 663/663/663
f 690/690/690 663/663/663 689/689/689
f 663/663/663 690/690/690 664/664/664
f 691/691/691 664/664/664 690/690/690
f 664/664/664 691/691/691 665/665/665
f 692/692/692 665/665/665 691/691/691
f 665/665/665 692/692/692 666/666/666
f 693/693/693 666/666/666 692/692/692
f 666/666/666 693/693/693 667/667/667
f 694/694/694 667/667/667 693/693/693
f 667/667/667 694/694/694 668/668/668
f 695/695/695 668/668/668 694/694/694
f 668/668/668 695/695/695 669/669/669
f 696/696/696 669/669/669 695/695/695
f 669/669/669 696/696/696 670/670/670
f 697/697/697 670/670/670 696/696/696
f 670/670/670 697/697/697 671/671/671
f 698/698/698 671/671/671 697/697/697
f 671/671/671 698/698/698 672/672/672
f 699/699/699 672/672/672 698/698/698
f 672/672/672 699/699/699 673/673/673
f 700/700/700 673/673/673 699/699/699
f 673/673/673 700/700/700 674/674/674
f 701/701/701 674/674/674 700/700/700
f 674/674/674 701/701/701 675/675/675
f 702/702/702 675/675/675 701/701/701
f 676/676/676 703/703/703 677/677/677
f 704/704/704 677/677/677 703/703/703
f 677/677/677 704/704/704 678/678/678
f 705/705/705 678/678/678 704/704/704
f 678/678/678 705/705/705 679/679/679
f 706/706/706 679/679/679 705/705/705
f 679/679/679 706/706/706 680/680/680
f 707/707/707 680/680/680 706/706/706
f 680/680/680 707/707/707 681/681/681
f 708/708/708 681/681/681 707/707/707
f 681/681/681 708/708/708 682/682/682
f 709/709/709 682/682/682 708/708/708
f 682/682/682 709/709/709 683/683/683
f 710/710/710 683/683/683 709/709/709
f 683/683/683 710/710/710 684/684/684
f 711/711/711 684/684/684 710/710/710
f 684/684/684 711/711/711 685/685/685
f 712/712/712 685/685/685 711/711/711
f 685/685/685 712/712/712 686/686/686
f 713/713/713 686/686/686 712/712/712
f 686/686/686 713/713/713 687/687/687
f 714/714/714 687/687/687 713/713/713
f 687/687/687 714/714/714 688/688/688
f 715/715/715 688/688/688 714/714/714
f 688/688/688 715/715/715 689/689/689
f 716/716/716 689/689/689 715/715/715
f 689/689/689 716/716/716 690/690/690
f 717/717/717 690/690/690 716/716/716
f 690/690/690 717/717/717 691/691/691
f 718/718/718 691/691/691 717/717/717
f 691/691/691 718/718/718 692/692/692
f 719/719/719 692/692/692 718/718/718
f 692/692/692 719/719/719 693/693/693
f 720/720/720 693/693/693 719/719/719
f 693/693/693 720/720/720 694/694/694
f 721/721/721 694/694/694 720/720/720
f 694/694/694 721/721/721 695/695/695
f 722/722/722 695/695/695 721/721/721
f 695/695/695 722/722/722 696/696/696
f 723/723/723 696/696/696 722/722/722
f 696/696/696 723/723/723 697/697/697
f 724/724/724 697/697/697 723/723/723
f 697/697/697 724/724/724 698/698/698
f 725/725/725 698/698/698 724/724/724
f 698/698/698 725/725/725 699/699/699
f 726/726/726 699/699/699 725/725/725
f 699/699/699 726/726/726 700/700/700
f 727/727/727 700/700/700 726/726/726
f 700/700/700 727/727/727 701/701/701
f 728/728/728 701/701/701 727/727/727
f 701/701/701 728/728/728 702/702/702
f 729/729/729 702/702/702 728/728/728
f 703/703/703 730/730/730 704/704/704
f 731/731/731 704/704/704 730/730/730
f 704/704/704 731/731/731 705/705/705
f 732/732/732 705/705/705 731/731/731
f 705/705/705 732/732/732 706/706/706
f 733/733/733 706/706/706 732/732/732
f 706/706/706 733/733/733 707/707/707
f 734/734/734 707/707/707 733/733/733
f 707/707/707 734/734/734 708/708/708
f 735/735/735 708/708/708 734/734/734
f 708/708/708 735/735/735 709/709/709
f 736/736/736 709/709/709 735/735/735
f 709/709/709 736/736/736 710/710/710
f 737/737/737 710/710/710 736/736/736
f 710/710/710 737/737/737 711/711/711
f 738/738/738 711/711/711 737/737/737
f 711/711/711 738/738/738 712/712/712
f 739/739/739 712/712/712 738/738/738
f 712/712/712 739/739/739 713/713/713
f 740/740/740 713/713/713 739/739/739
f 713/713/713 740/740/740 714/714/714
f 741/741/741 714/714/714 740/740/740
f 714/714/714 741/741/741 715/715/715
f 742/742/742 715/715/715 741/741/741
f 715/715/715 742/742/742 716/716/716
f 743/743/743 716/716/716 742/742/742
f 716/716/716 743/743/743 717/717/717
f 744/744/744 717/717/717 743/743/743
f 717/717/717 744/744/744 718/718/718
f 745/745/745 718/718/718 744/744/744
f 718/718/718 745/745/745 719/719/719
f 746/746/746 719/719/719 745/745/745
f 719/719/719 746/746/746 720/720/720
f 747/747/747 720/720/720 746/746/746
f 720/720/720 747/747/747 721/721/721
f 748/748/748 721/721/721 747/747/747
f 721/721/721 748/748/748 722/722/722
f 749/749/749 722/722/722 748/748/748
f 722/722/722 749/749/749 723/723/723
f 750/750/750 723/723/723 749/749/749
f 723/723/723 750/750/750 724/724/724
f 751/751/751 724/724/724 750/750/750
f 724/724/724 751/751/751 725/725/725
f 752/752/752 725/725/725 751/751/751
f 725/725/725 752/752/752 726/726/726
f 753/753/753 726/726/726 752/752/752
f 726/726/726 753/753/753 727/727/727
f 754/754/754 727/727/727 753/753/753
f 727/727/727 754/754/754 728/728/728
f 755/755/755 728/728/728 754/754/754
f 728/728/728 755/755/755 729/729/729
f 756/756/756 729/729/729 755/755/755
f 730/730/730 757/757/757 731/731/731
f 758/758/758 731/731/731 757/757/757
f 731/731/731 758/758/758 732/732/732
f 759/759/759 732/732/732 758/758/758
f 732/732/732 759/759/759 733/733/733
f 760/760/760 733/733/733 759/759/759
f 733/733/733 760/760/760 734/734/734
f 761/761/761 734/734/734 760/760/760
f 734/734/734 761/761/761 735/735/735
f 762/762/762 735/735/735 761/761/761
f 735/735/735 762/762/762 736/736/736
f 763/763/763 736/736/736 762/762/762
f 736/736/736 763/763/763 737/737/737
f 764/764/764 737/737/737 763/763/763
f 737/737/737 764/764/764 738/738/738
f 765/765/765 738/738/738 764/764/764
f 738/738/738 765/765/765 739/739/739
f 766/766/766 739/739/739 765/765/765
f 739/739/739 766/766/766 740/740/740
f 767/767/767 740/740/740 766/766/766
f 740/740/740 767/767/767 741/741/741
f 768/768/768 741/741/741 767/767/767
f 741/741/741 768/768/768 742/742/742
f 769/769/769 742/742/742 768/768/768
f 742/742/742 769/769/769 743/743/743
f 770/770/770 743/743/743 769/769/769
f 743/743/743 770/770/770 744/744/744
f 771/771/771 744/744/744 770/770/770
f 744/744/744 771/771/771 745/745/745
f 772/772/772 745/745/745 771/771/771
f 745/745/745 772/772/772 746/746/746
f 773/773/773 746/746/746 772/772/772
f 746/746/746 773/773/773 747/747/747
f 774/774/774 747/747/747 773/773/773
f 747/747/747 774/774/774 748/748/748
f 775/775/775 748/748/748 774/774/774
f 748/748/748 775/775/775 749/749/749
f 776/776/776 749/749/749 775/775/775
f 749/749/749 776/776/776 750/750/750
f 777/777/777 750/750/750 776/776/776
f 750/750/750 777/777/777 751/751/751
f 778/778/778 751/751/751 777/777/777
f 751/751/751 778/778/778 752/752/752
f 779/779/779 752/752/752 778/778/778
f 752/752/752 779/779/779 753/753/753
f 780/780/780 753/753/753 779/779/779
f 753/753/753 780/780/780 754/754/754
f 781/781/781 754/754/754 780/780/780
f 754/754/754 781/781/781 755/755/755
f 782/782/782 755/755/755 781/781/781
f 755/755/755 782/782/782 756/756/756
f 783/783/783 756/756/756 782/782/782
f 757/757/757 784/784/784 758/758/758
f 785/785/785 758/758/758 784/784/784
f 758/758/758 785/785/785 759/759/759
f 786/786/786 759/759/759 785/785/785
f 759/759/759 786/786/786 760/760/760
f 787/787/787 760/760/760 786/786/786
f 760/760/760 787/787/787 761/761/761
f 788/788/788 761/761/761 787/787/787
f 761/761/761 788/788/788 762/762/762
f 789/789/789 762/762/762 788/788/788
f 762/762/762 789/789/789 763/763/763
f 790/790/790 763/763/763 789/789/789
f 763/763/763 790/790/790 764/764/764
f 791/791/791 764/764/764 790/790/790
f 764/764/764 791/791/791 765/765/765
f 792/792/792 765/765/765 791/791/791
f 765/765/765 792/792/792 766/766/766
f 793/793/793 766/766/766 792/792/792
f 766/766/766 793/793/793 767/767/767
f 794/794/794 767/767/767 793/793/793
f 767/767/767 794/794/794 768/768/768
f 795/795/795 768/768/768 794/794/794
f 768/768/768 795/795/795 769/769/769
f 796/796/796 769/769/769 795/795/795
f 769/769/769 796/796/796 770/770/770
f 797/797/797 770/770/770 796/796/796
f 770/770/770 797/797/797 771/771/771
f 798/798/798 771/771/771 797/797/797
f 771/771/771 798/798/798 772/772/772
f 799/799/799 772/772/772 798/798/798
f 772/772/772 799/799/799 773/773/773
f 800/800/800 773/773/773 799/799/799
f 773/773/773 800/800/800 774/774/774
f 801/801/801 774/774/774 800/800/800
f 774/774/774 801/801/801 775/775/775
f 802/802/802 775/775/775 801/801/801
f 775/775/775 802/802/802 776/776/776
f 803/803/803 776/776/776 802/802/802
f 776/776/776 803/803/803 777/777/777
f 804/804/804 777/777/777 803/803/803
f 777/777/777 804/804/804 778/778/778
f 805/805/805 778/778/778 804/804/804
f 778/778/778 805/805/805 779/779/779
f 806/806/806 779/779/779 805/805/805
f 779/779/779 806/806/806 780/780/780
f 807/807/807 780/780/780 806/806/806
f 780/780/780 807/807/807 781/781/781
f 808/808/808 781/781/781 807/807/807
f 781/781/781 808/808/808 782/782/782
f 809/809/809 782/782/782 808/808/808
f 782/782/782 809/809/809 783/783/783
f 810/810/810 783/783/783 809/809/809
f 784/784/784 811/811/811 785/785/785
f 812/812/812 785/785/785 811/811/811
f 785/785/785 812/812/812 786/786/786
f 813/813/813 786/786/786 812/812/812
f 786/786/786 813/813/813 787/787/787
f 814/814/814 787/787/787 813/813/813
f 787/787/787 814/814/814 788/788/788
f 815/815/815 788/788/788 814/814/814
f 788/788/788 815/815/815 789/789/789
f 816/816/816 789/789/789 815/815/815
f 789/789/789 816/816/816 790/790/790
f 817/817/817 790/790/790 816/816/816
f 790/790/790 817/817/817 791/791/791
f 818/818/818 791/791/791 817/817/817
f 791/791/791 818/818/818 792/792/792
f 819/819/819 792/792/792 818/818/818
f 792/792/792 819/819/819 793/793/793
f 820/820/820 793/793/793 819/819/819
f 793/793/793 820/820/820 794/794/794
f 821/821/821 794/794/794 820/820/820
f 794/794/794 821/821/821 795/795/795
f 822/822/822 795/795/795 821/821/821
f 795/795/795 822/822/822 796/796/796
f 823/823/823 796/796/796 822/822/822
f 796/796/796 823/823/823 797/797/797
f 824/824/824 797/797/797 823/823/823
f 797/797/797 824/824/824 798/798/798
f 825/825/825 798/798/798 824/824/824
f 798/798/798 825/825/825 799/799/799
f 826/826/826 799/799/799 825/825/825
f 799/799/799 826/826/826 800/800/800
f 827/827/827 800/800/800 826/826/826
f 800/800/800 827/827/827 801/801/801
f 828/828/828 801/801/801 827/827/827
f 801/801/801 828/828/828 802/802/802
f 829/829/829 802/802/802 828/828/828
f 802/802/802 829/829/829 803/803/803
f 830/830/830 803/803/803 829/829/829
f 803/803/803 830/830/830 804/804/804
f 831/831/831 804/804/804 830/830/830
f 804/804/804 831/831/831 805/805/805
f 832/832/832 805/805/805 831/831/831
f 805/805/805 832/832/832 806/806/806
f 833/833/833 806/806/806 832/832/832
f 806/806/806 833/833/833 807/807/807
f 834/834/834 807/807/807 833/833/833
f 807/807/807 834/834/834 808/808/808
f 835/835/835 808/808/808 834/834/834
f 808/808/808 835/835/835 809/809/809
f 836/836/836 809/809/809 835/835/835
f 809/809/809 836/836/836 810/810/810
f 837/837/837 810/810/810 836/836/836
f 811/811/811 838/838/838 812/812/812
f 839/839/839 812/812/812 838/838/838
f 812/812/812 839/839/839 813/813/813
f 840/840/840 813/813/813 839/839/839
f 813/813/813 840/840/840 814/814/814
f 841/841/841 814/814/814 840/840/840
f 814/814/814 841/841/841 815/815/815
f 842/842/842 815/815/815 841/841/841
f 815/815/815 842/842/842 816/816/816
f 843/843/843 816/816/816 842/842/842
f 816/816/816 843/843/843 817/817/817
f 844/844/844 817/817/817 843/843/843
f 817/817/817 844/844/844 818/818/818
f 845/845/845 818/818/818 844/844/844
f 818/818/818 845/845/845 819/819/819
f 846/846/846 819/819/819 845/845/845
f 819/819/819 846/846/846 820/820/820
f 847/847/847 820/820/820 846/846/846
f 820/820/820 847/847/847 821/821/821
f 848/848/848 821/821/821 847/847/847
f 821/821/821 848/848/848 822/822/822
f 849/849/849 822/822/822 848/848/848
f 822/822/822 849/849/849 823/823/823
f 850/850/850 823/823/823 849/849/849
f 823/823/823 850/850/850 824/824/824
f 851/851/851 824/824/824 850/850/850
f 824/824/824 851/851/851 825/825/825
f 852/852/852 825/825/825 851/851/851
f 825/825/825 852/852/852 826/826/826
f 853/853/853 826/826/826 852/852/852
f 826/826/826 853/853/853 827/827/827
f 854/854/854 827/827/827 853/853/853
f 827/827/827 854/854/854 828/828/828
f 855/855/855 828/828/828 854/854/854
f 828/828/828 855/855/855 829/829/829
f 856/856/856 829/829/829 855/855/855
f 829/829/829 856/856/856 830/830/830
f 857/857/857 830/830/830 856/856/856
f 830/830/830 857/857/857 831/831/831
f 858/858/858 831/831/831 857/857/857
f 831/831/831 858/858/858 832/832/832
f 859/859/859 832/832/832 858/858/858
f 832/832/832 859/859/859 833/833/833
f 860/860/860 833/833/833 859/859/859
f 833/833/833 860/860/860 834/834/834
f 861/861/861 834/834/834 860/860/860
f 834/834/834 861/861/861 835/835/835
f 862/862/862 835/835/835 861/861/861
f 835/835/835 862/862/862 836/836/836
f 863/863/863 836/836/836 862/862/862
f 836/836/836 863/863/863 837/837/837
f 864/864/864 837/837/837 863/863/863
f 838/838/838 865/865/865 839/839/839
f 866/866/866 839/839/839 865/865/865
f 839/839/839 866/866/866 840/840/840
f 867/867/867 840/840/840 866/866/866
f 840/840/840 867/867/867 841/841/841
f 868/868/868 841/841/841 867/867/867
f 841/841/841 868/868/868 842/842/842
f 869/869/869 842/842/842 868/868/868
f 842/842/842 869/869/869 843/843/843
f 870/870/870 843/843/843 869/869/869
f 843/843/843 870/870/870 844/844/844
f 871/871/871 844/844/844 870/870/870
f 844/844/844 871/871/871 845/845/845
f 872/872/872 845/845/845 871/871/871
f 845/845/845 872/872/872 846/846/846
f 873/873/873 846/846/846 872/872/872
f 846/846/846 873/873/873 847/847/847
f 874/874/874 847/847/847 873/873/873
f 847/847/847 874/874/874 848/848/848
f 875/875/875 848/848/848 874/874/874
f 848/848/848 875/875/875 849/849/849
f 876/876/876 849/849/849 875/875/875
f 849/849/849 876/876/876 850/850/850
f 877/877/877 850/850/850 876/876/876
f 850/850/850 877/877/877 851/851/851
f 878/878/878 851/851/851 877/877/877
f 851/851/851 878/878/878 852/852/852
f 879/879/879 852/852/852 878/878/878
f 852/852/852 879/879/879 853/853/853
f 880/880/880 853/853/853 879/879/879
f 853/853/853 880/880/880 854/854/854
f 881/881/881 854/854/854 880/880/880
f 854/854/854 881/881/881 855/855/855
f 882/882/882 855/855/855 881/881/881
f 855/855/855 882/882/882 856/856/856
f 883/883/883 856/856/856 882/882/882
f 856/856/856 883/883/883 857/857/857
f 884/884/884 857/857/857 883/883/883
f 857/857/857 884/884/884 858/858/858
f 885/885/885 858/858/858 884/884/884
f 858/858/858 885/885/885 859/859/859
f 886/886/886 859/859/859 885/885/885
f 859/859/859 886/886/886 860/860/860
f 887/887/887 860/860/860 886/886/886
f 860/860/860 887/887/887 861/861/861
f 888/888/888 861/861/861 887/887/887
f 861/861/861 888/888/888 862/862/862
f 889/889/889 862/862/862 888/888/888
f 862/862/862 889/889/889 863/863/863
f 890/890/890 863/863/863 889/889/889
f 863/863/863 890/890/890 864/864/864
f 891/891/891 864/864/864 890/890/890
